site,alpha,beta,alpha=beta,LRT,p-value,Total_branch_length,gene
2,6.711172896,0,1.935727466,4.912791768,0.02665852,0.634241779,OT
27,10.95969263,0,2.954363905,7.929423278,0.00486373,0.967998363,OT
46,13.72429786,1.441550424,5.037036226,5.28916414,0.021458517,1.650386675,OT
53,8.061607796,0,2.128610155,5.229298773,0.022209485,0.697439859,OT
59,8.090298253,0,2.145704812,5.241689313,0.022051851,0.703040929,OT
69,5.657491715,0,1.990945045,4.143939103,0.04178383,0.652333838,OT
70,8.859315597,0,2.900259009,6.669580075,0.009807229,0.950270875,OT
74,10.83951097,1.204021731,3.588435227,4.305922055,0.037979901,1.175752052,OT
99,7.724213017,0,2.118534396,5.099743886,0.023929376,0.694138533,OT
130,7.65338863,0,2.103306298,5.085712106,0.024123768,0.689149041,OT
135,6.692307816,0,2.000612702,4.77793592,0.028826653,0.655501449,OT
9,16.1299676,0,2.144343803,11.97239153,0.000539946,0.880854094,OTRa
127,10.76368291,0,2.050016043,6.655430075,0.009885411,0.842106113,OTRa
137,6.949952655,0,2.530233223,6.027599083,0.014083877,1.039369849,OTRa
143,3.424672605,0,1.231405247,4.0732858,0.04356645,0.505836961,OTRa
150,9.104366644,0,3.360795829,7.911782481,0.004911385,1.380548568,OTRa
161,5.986223113,0,0.729729313,4.206076933,0.04027939,0.299758393,OTRa
184,5.817441021,0,1.309988629,5.944438177,0.014763796,0.538117463,OTRa
190,5.096860342,0,1.48139231,5.060319598,0.024479723,0.608526711,OTRa
196,5.288691271,0,0.714889225,3.993280993,0.045682028,0.293662378,OTRa
197,10.76368291,0,2.042594908,6.631756986,0.010017641,0.839057657,OTRa
211,5.399782548,0,0.780660261,3.853029303,0.049656229,0.320679821,OTRa
227,5.090976263,0,1.27507086,5.507547472,0.01893458,0.523773933,OTRa
268,8.762697244,0,1.862278944,6.14550617,0.013174645,0.764987419,OTRa
273,8.385120003,0,1.859769595,5.992021872,0.014370721,0.763956628,OTRa
291,7.081320948,0,1.774964198,5.502529023,0.018988992,0.729120246,OTRa
335,14.13063205,0,3.025493143,12.21259598,0.000474679,1.242812845,OTRa
336,5.345195842,0,1.282116181,5.672151702,0.017236302,0.526668012,OTRa
370,19.74516959,0,3.358177811,13.46352622,0.000243246,1.379473137,OTRa
380,10.76368291,0,1.56763013,7.7712678,0.005308378,0.643951504,OTRa
390,4.510864872,0,1.555375037,4.259348754,0.039034883,0.638917354,OTRa
27,8.075930357,0,2.514680334,4.625146932,0.031506563,0.781121282,OTRb.tr1
32,6.600216338,0,1.998498199,4.761912844,0.029096195,0.620782473,OTRb.tr1
56,5.31723446,0,1.948434867,4.000800975,0.045478647,0.605231576,OTRb.tr1
72,13.8227776,0,2.675033643,6.517237345,0.010683383,0.830930946,OTRb.tr1
75,14.14725215,0,2.963802896,6.198478698,0.012786016,0.920629746,OTRb.tr1
105,7.08285955,0,2.195705548,4.660903166,0.030856956,0.682039903,OTRb.tr1
124,8.11569464,0,3.062221828,5.807984834,0.015953565,0.951201076,OTRb.tr1
180,5.921595727,0,1.843778334,4.626319074,0.031485043,0.572722694,OTRb.tr1
181,5.836635329,0,2.013181209,4.243632208,0.039397793,0.625343375,OTRb.tr1
215,7.969992252,0,2.090424742,5.314699024,0.021146246,0.649337108,OTRb.tr1
257,5.328231212,0,1.684301298,4.597545122,0.032017771,0.523185222,OTRb.tr1
261,6.62516641,0,2.195341566,4.403391558,0.035867533,0.681926842,OTRb.tr1
263,7.956695165,0,2.029675879,5.418784997,0.019921218,0.630467023,OTRb.tr1
349,8.054861291,0,2.01912411,5.492344187,0.019099917,0.627189385,OTRb.tr1
27,8.495256198,0,2.242257665,5.275404002,0.021628768,0.796073978,OTRb.tr2
56,5.550016172,0,1.866486347,4.340063612,0.037225533,0.662663009,OTRb.tr2
72,9.958016479,0,2.103108674,6.173504631,0.012967747,0.746671587,OTRb.tr2
75,10.6855458,0,2.507828314,5.741958431,0.016564313,0.890360146,OTRb.tr2
105,7.248427334,0,2.041365364,5.044502556,0.0247042,0.724750715,OTRb.tr2
124,8.317700239,0,2.804913046,6.477823102,0.010922868,0.995834833,OTRb.tr2
181,4.939306589,0,1.791006877,4.046588685,0.0442607,0.635865356,OTRb.tr2
184,5.547500132,0,1.868370556,4.316824977,0.037737272,0.663331964,OTRb.tr2
215,11.64131539,0,3.118905088,8.218984478,0.004145439,1.107312161,OTRb.tr2
257,5.528116034,0,1.58920845,4.93237005,0.026358143,0.56422039,OTRb.tr2
261,6.148990346,0,1.934829848,4.602038129,0.031933971,0.686927162,OTRb.tr2
311,8.185651632,0,2.386905928,7.342853475,0.006732988,0.847428789,OTRb.tr2
319,5.550016172,0,1.599189484,4.951875723,0.026062377,0.567763979,OTRb.tr2
327,5.939595872,0,1.634033364,5.217200092,0.022364532,0.580134683,OTRb.tr2
333,8.4727995,0,2.084457883,5.561854882,0.018355956,0.740049953,OTRb.tr2
27,13.03563378,0,3.130491339,5.605308189,0.017906145,0.781308522,OTRb.tr3
56,7.515056058,0,2.807042273,3.911823949,0.047947533,0.700582053,OTRb.tr3
75,14.71779516,0,3.422814263,5.695536407,0.017008113,0.854266523,OTRb.tr3
105,10.95969263,0,2.844894304,5.454722927,0.019515499,0.710029168,OTRb.tr3
3,4.75636532,0,0.645130352,3.969415471,0.046333854,0.283603885,VT
8,5.755098214,0,2.980838752,5.210999003,0.022444435,1.310397888,VT
40,11.64131539,0,2.47235064,9.614587212,0.001930378,1.086862902,VT
50,10.45978918,0,3.779762837,8.082663214,0.004469072,1.66161059,VT
52,9.958016479,0,1.912074773,6.491387175,0.010839836,0.840561651,VT
61,13.5309069,0.890640154,2.964863508,6.533245713,0.010587659,1.303375057,VT
63,9.90669907,0,1.598418687,7.183440279,0.007357949,0.702676208,VT
65,9.596078132,0,1.899140626,6.369549238,0.011609508,0.834875708,VT
94,5.386707363,0,2.140126126,5.510315906,0.018904632,0.940814646,VT
132,7.51028792,0.927319802,2.709993063,3.938219242,0.047200718,1.191332199,VT
138,4.455741096,0,2.275716589,4.026982615,0.04477796,1.000421176,VT
14,11.87314693,0,2.060578388,6.928491938,0.008483319,0.755725559,VTR1Aa.tr1
54,11.34749526,0,0.921774321,5.01655235,0.025106109,0.338064505,VTR1Aa.tr1
62,6.135076011,0,1.748370668,4.992217463,0.02546156,0.641222099,VTR1Aa.tr1
76,6.255567089,0,1.498548144,5.687438035,0.017086783,0.549598666,VTR1Aa.tr1
90,17.59537886,0,3.470224202,9.576860844,0.00197045,1.272718931,VTR1Aa.tr1
129,10.72723174,0,2.039262051,6.552195456,0.010475482,0.747907705,VTR1Aa.tr1
141,8.890440303,0,2.49274847,5.073913217,0.024288493,0.914225705,VTR1Aa.tr1
194,9.774116032,0,1.724001143,6.878170327,0.008725484,0.632284476,VTR1Aa.tr1
199,5.691487609,0,1.919611405,4.316007874,0.037755399,0.704025341,VTR1Aa.tr1
211,6.112431059,0,1.645757467,5.220414174,0.022323234,0.603588288,VTR1Aa.tr1
214,6.255567089,0,1.498548144,5.687020645,0.017090847,0.549598666,VTR1Aa.tr1
216,5.731280459,0,1.466588823,5.423341222,0.019869302,0.537877454,VTR1Aa.tr1
228,5.747303888,0,1.723288801,4.786435297,0.028684733,0.632023222,VTR1Aa.tr1
256,5.657491715,0,1.708157955,4.772506704,0.028917692,0.626473922,VTR1Aa.tr1
294,5.717453121,0,1.466652755,5.419181819,0.019916691,0.537900901,VTR1Aa.tr1
340,5.628715496,0,1.608884545,4.985508174,0.025560477,0.590064993,VTR1Aa.tr1
378,6.227347101,0,1.653601174,5.277432146,0.021603587,0.606464999,VTR1Aa.tr1
14,11.50671719,0,1.945529528,7.036621244,0.007985955,0.751308832,VTR1Aa.tr2
54,11.64131539,0,0.879884267,5.223376021,0.022285246,0.339786578,VTR1Aa.tr2
62,5.921595727,0,1.702488168,4.977791894,0.025674733,0.657453089,VTR1Aa.tr2
76,6.052333158,0,1.419292554,5.773288437,0.016271559,0.548090901,VTR1Aa.tr2
141,13.55345176,0,3.675741179,7.752295694,0.005364431,1.419467951,VTR1Aa.tr2
163,8.901161766,0,2.234156872,5.469208413,0.01935439,0.862768602,VTR1Aa.tr2
199,4.996667523,0,1.845360594,3.966821239,0.046405297,0.712626405,VTR1Aa.tr2
211,5.899811734,0,1.631245972,5.124151459,0.023595104,0.629941355,VTR1Aa.tr2
214,5.981356574,0,1.416059825,5.744276366,0.016542469,0.546842511,VTR1Aa.tr2
216,5.032520068,0,1.35485203,5.225202299,0.022261857,0.523205781,VTR1Aa.tr2
228,7.636758962,0,2.361111405,6.98749402,0.00820812,0.911794875,VTR1Aa.tr2
256,4.96332416,0,1.612297896,4.487800862,0.034137565,0.62262414,VTR1Aa.tr2
294,5.032234351,0,1.354774351,5.228507472,0.022219591,0.523175784,VTR1Aa.tr2
340,4.949377065,0,1.547742583,4.630475495,0.031408858,0.597694692,VTR1Aa.tr2
378,6.027002866,0,1.581339837,5.331116672,0.02094796,0.610669008,VTR1Aa.tr2
380,15.40042245,3.595625892,7.358160321,4.4847051,0.034199446,2.841514743,VTR1Aa.tr2
393,12.93003684,0.944244371,4.125556206,8.320957852,0.003919025,1.593173874,VTR1Aa.tr2
411,5.005775986,0,1.552644751,4.656089255,0.030943594,0.599587772,VTR1Aa.tr2
16,5.070497262,0,0.402332029,5.018209308,0.025082095,0.376523081,VTR1Ab
17,2.684704845,0,0.345819387,4.086096139,0.043237398,0.323635634,VTR1Ab
25,7.541138991,0.559499557,1.454674143,4.516384131,0.033571712,1.361359153,VTR1Ab
32,8.432926379,0,0.667069565,10.03878943,0.001532779,0.624278132,VTR1Ab
39,7.964643203,0,0.706162798,9.560668453,0.001987907,0.660863598,VTR1Ab
41,2.653717201,0,0.34768143,4.056184777,0.044009826,0.325378229,VTR1Ab
45,3.66498935,0,0.386631618,4.470826708,0.034478306,0.361829826,VTR1Ab
48,3.42830706,0,1.661307417,5.761319335,0.016382766,1.554737237,VTR1Ab
58,8.071252785,0,1.032697628,12.20071678,0.000477712,0.966451747,VTR1Ab
61,4.875567341,0,0.341018737,5.272720048,0.021662139,0.319142938,VTR1Ab
75,5.404837947,0,0.766614718,7.760079007,0.005341362,0.717437625,VTR1Ab
81,3.885040721,0,0.339998651,4.827646884,0.028006831,0.318188288,VTR1Ab
89,5.027397237,0,0.770695326,7.451950999,0.006336773,0.721256469,VTR1Ab
94,3.68927711,0,0.482769188,4.028304601,0.044742883,0.451800327,VTR1Ab
97,7.239889078,0,1.140257708,10.94292564,0.000939617,1.067112022,VTR1Ab
102,3.85198668,0,0.352837454,4.739185129,0.029483033,0.330203502,VTR1Ab
103,5.563729358,0,0.782157508,7.79006213,0.005253439,0.731983371,VTR1Ab
110,4.562600508,0,0.754479479,7.143330933,0.007524327,0.706080842,VTR1Ab
111,4.913521897,0,0.337928941,5.309543668,0.021208911,0.316251347,VTR1Ab
117,7.415880939,0,1.15134252,11.04012643,0.000891608,1.077485761,VTR1Ab
124,2.433870924,0,0.339694801,3.92822984,0.047481899,0.317903929,VTR1Ab
136,2.687822933,0,0.345831163,4.086273169,0.043232869,0.323646654,VTR1Ab
139,5.420043182,0,0.765865635,7.766922891,0.005321162,0.716736595,VTR1Ab
142,2.653717201,0,0.34768143,4.056580071,0.043999524,0.325378229,VTR1Ab
144,4.931243278,0,0.401470714,4.971373742,0.025770172,0.375717018,VTR1Ab
150,5.981356574,0,1.246089504,9.342325378,0.002239212,1.166154881,VTR1Ab
154,3.277702934,0,0.639485518,6.521729429,0.010656433,0.598463558,VTR1Ab
155,3.870772037,0,0.486088835,4.10206599,0.042830846,0.454907024,VTR1Ab
161,7.259552659,0,0.771572025,8.870164107,0.002898691,0.722076929,VTR1Ab
167,5.027397237,0,0.402004933,5.003183873,0.025300735,0.376216968,VTR1Ab
168,8.864369185,0,0.676499953,10.19932286,0.001404922,0.633103576,VTR1Ab
172,4.374012405,0,0.338249701,5.086556196,0.024112028,0.31655153,VTR1Ab
175,3.85198668,0,0.485961614,4.102450261,0.042821113,0.454787964,VTR1Ab
176,8.72137709,0,0.809008005,9.37662866,0.002197694,0.757111451,VTR1Ab
182,13.9259234,0,1.018279352,15.42847015,8.57E-05,0.95295838,VTR1Ab
189,7.803489423,0,1.03915995,11.97774638,0.000538397,0.972499522,VTR1Ab
204,2.687822933,0,0.383785589,3.882699898,0.048786044,0.359166365,VTR1Ab
208,2.52299996,0,0.343043982,3.980464389,0.046030871,0.321038266,VTR1Ab
212,2.684704845,0,0.388846,3.84964673,0.04975647,0.363902159,VTR1Ab
215,9.017700549,0,0.887461802,9.143965421,0.002495397,0.830532564,VTR1Ab
220,4.521394419,0,0.679249773,7.542482403,0.006026096,0.635677,VTR1Ab
230,4.931243278,0,0.401685742,4.985503005,0.025560553,0.375918252,VTR1Ab
233,14.49325717,0,1.492931053,17.80267286,2.45E-05,1.397161944,VTR1Ab
242,3.793933556,0,0.485015993,4.072051581,0.043598292,0.453903002,VTR1Ab
246,4.994222543,0,0.34181369,5.313254585,0.021163784,0.319886895,VTR1Ab
248,3.85198668,0,0.352685461,4.737371336,0.029514135,0.33006126,VTR1Ab
252,7.025155292,0.734447072,1.332723952,4.215220526,0.040062858,1.247231868,VTR1Ab
262,4.931243278,0,0.341617,5.308892144,0.021216844,0.319702822,VTR1Ab
265,2.598160925,0,0.344145585,4.02828917,0.044743293,0.322069203,VTR1Ab
274,2.684704845,0,0.388846,3.850714389,0.049724807,0.363902159,VTR1Ab
280,11.2571691,0,1.158444089,13.3795063,0.000254389,1.084131777,VTR1Ab
283,4.761064752,0.401057992,1.028417254,4.191939482,0.040616605,0.962445953,VTR1Ab
284,5.295365672,0,0.412614966,5.090895584,0.024051768,0.386146384,VTR1Ab
285,4.455997871,0,0.755394872,7.046650209,0.007941363,0.706937514,VTR1Ab
312,6.563257256,0,1.014847658,11.12781772,0.000850426,0.949746824,VTR1Ab
315,3.459257527,0,0.646945473,6.709195131,0.009591701,0.605444968,VTR1Ab
317,8.412951214,0,1.192496469,11.60930728,0.000656226,1.115999752,VTR1Ab
321,2.653717201,0,0.34768143,4.056998667,0.043988617,0.325378229,VTR1Ab
322,3.806538673,0,0.334062595,4.845709504,0.027714989,0.31263302,VTR1Ab
334,3.547712865,0,0.385317429,4.423364542,0.035450071,0.36059994,VTR1Ab
335,4.839835478,0,0.447825655,4.721422698,0.029789087,0.419098364,VTR1Ab
336,4.81908929,0,0.34079766,5.257614514,0.021850949,0.318936042,VTR1Ab
341,4.113573112,0,0.839457864,6.319960434,0.011938629,0.785608002,VTR1Ab
343,10.23555831,0,0.898518051,9.558119729,0.001990669,0.840879573,VTR1Ab
346,3.723193174,0,0.332665757,4.804593708,0.028383959,0.311325787,VTR1Ab
348,8.054861291,0,1.478381214,13.41190242,0.000250033,1.383545454,VTR1Ab
349,5.048228168,0,0.402240109,5.010997106,0.025186796,0.376437058,VTR1Ab
355,5.027397237,0,0.336432831,5.36409107,0.020555498,0.314851209,VTR1Ab
362,10.39362391,0,2.390955834,17.44212435,2.96E-05,2.237579889,VTR1Ab
364,5.027397237,0,0.341888635,5.329597445,0.020966227,0.319957033,VTR1Ab
365,14.74319398,0,1.020475861,15.62033131,7.74E-05,0.955013987,VTR1Ab
370,4.717961206,0,0.678537505,7.689899543,0.005553072,0.635010423,VTR1Ab
373,4.667742278,0,0.678581782,7.675737209,0.005596822,0.63505186,VTR1Ab
379,2.731631347,0,0.383449968,3.912438629,0.04793,0.358852273,VTR1Ab
386,4.933722502,0,0.338088854,5.315749355,0.021133503,0.316401002,VTR1Ab
391,5.232483124,0.45583471,1.159050101,4.09714215,0.042955764,1.084698914,VTR1Ab
397,3.63541958,0,0.386116481,4.456512841,0.034768407,0.361347734,VTR1Ab
16,3.395457188,0,0.890814613,5.330420844,0.020956324,0.697722064,VTR2Aa
44,2.153166304,0,0.781263748,4.031512667,0.044657883,0.611917392,VTR2Aa
51,3.408709941,0,0.954716977,5.078314244,0.024226914,0.747772982,VTR2Aa
56,7.585706387,0,1.889313216,13.82832735,0.000200294,1.479786588,VTR2Aa
75,5.908323322,0,2.235997598,11.63084153,0.000648672,1.75132383,VTR2Aa
81,7.409361581,0,2.131907329,12.38053616,0.000433833,1.669796117,VTR2Aa
105,21.88565423,0,3.55176968,29.07379443,6.97E-08,2.781889785,VTR2Aa
106,5.948854224,0,1.704568149,9.94196327,0.001615532,1.335086773,VTR2Aa
110,3.608987711,0,0.379966633,4.5020459,0.033854326,0.297605248,VTR2Aa
116,5.762633164,0,1.209070915,9.338148315,0.002244322,0.946993283,VTR2Aa
124,8.769041352,0,1.289006985,11.40024037,0.000734346,1.009602448,VTR2Aa
151,11.64131539,0,3.16224518,19.12577515,1.22E-05,2.47679843,VTR2Aa
162,4.79248653,0,1.315286994,7.729683605,0.005432027,1.030186015,VTR2Aa
178,4.40518943,0,1.370588846,6.983322716,0.008227272,1.073500664,VTR2Aa
197,3.497070808,0,0.891150841,5.448457035,0.019585617,0.697985411,VTR2Aa
201,7.449153897,0,2.424259427,13.41263232,0.000249935,1.898778115,VTR2Aa
207,8.930776762,0,2.751720482,14.02693891,0.00018021,2.155258868,VTR2Aa
219,3.385479865,0,0.952990717,5.057081878,0.0245255,0.746420906,VTR2Aa
228,4.557095839,0,1.091430986,8.545125163,0.003464488,0.854852929,VTR2Aa
236,3.402348858,0,0.884856927,5.369091364,0.020496652,0.693055763,VTR2Aa
249,5.130945321,0,1.433114838,7.620527608,0.00577076,1.122473552,VTR2Aa
262,12.16609231,0.619603091,3.654140715,13.0996254,0.000295355,2.862070924,VTR2Aa
271,4.162125442,0,0.904917347,6.083321281,0.013646397,0.708767896,VTR2Aa
283,5.744731656,0,0.898350937,7.371423644,0.006626845,0.703624818,VTR2Aa
292,7.61723393,0.490608952,1.946982901,8.08900204,0.004453468,1.52495582,VTR2Aa
301,5.684132493,0,0.91262847,7.275924108,0.006988493,0.71480756,VTR2Aa
323,2.21979531,0,0.777148787,4.185439501,0.04077264,0.608694388,VTR2Aa
334,11.76526064,2.038158597,3.47727205,5.357127789,0.020637737,2.723540226,VTR2Aa
337,2.269661015,0,0.799006474,4.184493164,0.040795409,0.625814213,VTR2Aa
342,4.475788679,0,1.290427787,7.436549711,0.00639123,1.010715278,VTR2Aa
349,9.72394463,0,2.01982057,15.60896801,7.79E-05,1.58200523,VTR2Aa
353,11.91589134,0,1.912341491,14.45905958,0.000143239,1.497823265,VTR2Aa
354,22.94054856,0,6.120960509,38.16562718,6.50E-10,4.794184041,VTR2Aa
356,2.937030671,0,0.785437075,5.271263587,0.02168027,0.615186111,VTR2Aa
359,2.251795042,0,0.79569239,4.156787016,0.041467995,0.623218488,VTR2Aa
360,2.166697044,0,0.783703057,4.061525831,0.043870842,0.613827958,VTR2Aa
368,2.163903891,0,0.783636561,4.061884619,0.043861522,0.613775875,VTR2Aa
372,5.666371946,0.693391058,2.577328505,5.229839846,0.022202577,2.018668013,VTR2Aa
399,18.00543752,0,6.128594127,29.80352184,4.78E-08,4.800163,VTR2Aa
403,9.632665482,0,2.581811513,15.70807211,7.39E-05,2.022179286,VTR2Aa
415,7.636758962,0,2.21933212,14.75244553,0.000122588,1.738270753,VTR2Aa
416,2.927083675,0,0.821694105,5.065621701,0.02440495,0.643584084,VTR2Aa
420,7.507571505,0,2.472901668,13.2802183,0.000268221,1.936876687,VTR2Aa
461,9.013090003,0,3.066739283,15.02515187,0.000106088,2.401994345,VTR2Aa
465,11.93599684,0,3.478900604,19.5406214,9.85E-06,2.724815775,VTR2Aa
470,8.769613806,0,1.290195641,11.39702648,0.000735618,1.010533452,VTR2Aa
473,5.457953232,0.593548711,2.073370498,5.208441178,0.022477479,1.623947702,VTR2Aa
475,5.744117671,0,2.989949868,9.092435245,0.002566689,2.341849766,VTR2Aa
492,12.31037728,0,4.598049833,21.65287883,3.27E-06,3.601378754,VTR2Aa
493,11.80856046,0,1.7706898,15.00254898,0.000107366,1.386875927,VTR2Aa
9,5.575861471,0.527273031,1.64585248,5.014851727,0.025130781,1.174069328,VTR2Ab.tr1
21,12.90344967,0,2.867011159,20.71679841,5.32E-06,2.045183215,VTR2Ab.tr1
22,3.459257527,0,0.931780203,5.232891359,0.02216366,0.664685669,VTR2Ab.tr1
26,6.273790543,0,1.562852466,11.06297252,0.000880688,1.114861245,VTR2Ab.tr1
28,1.85891991,0,0.671654934,4.073157708,0.043569754,0.479125236,VTR2Ab.tr1
33,5.732781799,0,0.968738944,7.054490643,0.007906679,0.691050198,VTR2Ab.tr1
45,7.144224969,0,1.857361514,10.69279357,0.001075537,1.324949358,VTR2Ab.tr1
51,5.420043182,0,1.396205349,8.081784998,0.004471238,0.995983477,VTR2Ab.tr1
55,8.83445742,0,1.26654942,11.52435827,0.000686902,0.903493384,VTR2Ab.tr1
71,3.459257527,0,0.930858098,5.227549992,0.022231827,0.664027886,VTR2Ab.tr1
75,5.8750382,0,1.114601164,6.590585657,0.010251944,0.795101053,VTR2Ab.tr1
82,3.705800334,0,1.250487765,6.512560403,0.010711517,0.892035798,VTR2Ab.tr1
95,3.46120561,0,1.094798781,4.556478981,0.032794429,0.780975018,VTR2Ab.tr1
98,8.735914302,0,1.452700833,10.51556557,0.001183732,1.036284547,VTR2Ab.tr1
105,2.486951062,0,0.87176137,4.189052222,0.040685837,0.621871218,VTR2Ab.tr1
119,3.710071492,0,1.469352874,5.524355267,0.018753513,1.048163285,VTR2Ab.tr1
128,6.62516641,0,1.388791939,9.290827256,0.002303041,0.99069512,VTR2Ab.tr1
158,15.42115559,1.815646111,4.729060905,10.44378996,0.001230625,3.373476924,VTR2Ab.tr1
165,8.817643002,0,2.569114118,12.19794449,0.000478422,1.832678277,VTR2Ab.tr1
176,2.822093128,0,0.979811955,4.216611074,0.040030036,0.698949133,VTR2Ab.tr1
179,3.913653961,0,1.294535364,6.60807196,0.010151752,0.923457166,VTR2Ab.tr1
181,5.52201411,0,2.892755987,6.351845404,0.011725926,2.063548295,VTR2Ab.tr1
193,6.899923036,0,1.840009578,10.48719979,0.001202044,1.312571349,VTR2Ab.tr1
197,3.451251051,0,0.965193668,5.072590002,0.02430704,0.688521174,VTR2Ab.tr1
200,3.497070808,0,0.923253863,5.300833915,0.021315217,0.658603402,VTR2Ab.tr1
207,14.14419465,1.202873243,8.859727905,11.63348356,0.000647751,6.320089387,VTR2Ab.tr1
213,3.385479865,0,0.926068149,5.166886377,0.023021443,0.660610974,VTR2Ab.tr1
214,5.007909587,0,1.939450927,7.572034908,0.005928082,1.383507863,VTR2Ab.tr1
218,3.42830706,0,0.803559312,5.776934541,0.016237837,0.573219261,VTR2Ab.tr1
229,14.43942244,0,4.075737644,22.47151774,2.13E-06,2.907428592,VTR2Ab.tr1
235,2.761284877,0,0.726508815,5.35761938,0.02063192,0.518255267,VTR2Ab.tr1
242,8.92403837,0,2.345467019,13.22963091,0.000275558,1.673139556,VTR2Ab.tr1
246,10.95969263,0,3.490997427,18.29262103,1.89E-05,2.490303994,VTR2Ab.tr1
280,5.72791238,0,2.14503278,9.778727344,0.001765425,1.530159735,VTR2Ab.tr1
295,13.75991217,0,4.0445763,21.73965655,3.12E-06,2.885199639,VTR2Ab.tr1
311,5.817441021,0,1.043288059,6.847940385,0.008874352,0.744229829,VTR2Ab.tr1
9,4.034888947,0.431066709,1.303433132,4.524879994,0.033405418,1.194981656,VTR2Ab.tr2
21,15.58888666,0,3.364567743,30.05276648,4.20E-08,3.084620633,VTR2Ab.tr2
22,2.972328755,0,0.7548383,5.459312151,0.019464308,0.692032371,VTR2Ab.tr2
26,4.864795001,0,1.264374467,10.73546505,0.001051016,1.159172847,VTR2Ab.tr2
28,1.407703611,0,0.532614976,3.888266046,0.048624601,0.488299024,VTR2Ab.tr2
33,5.295244142,0,0.782409289,7.58830227,0.005874825,0.717309331,VTR2Ab.tr2
45,5.247303559,0,1.414196004,10.40763752,0.001254952,1.296528561,VTR2Ab.tr2
51,4.008589496,0,1.065335599,7.894890149,0.004957465,0.976694905,VTR2Ab.tr2
55,8.106818414,0,1.062514734,12.0500644,0.000517906,0.974108748,VTR2Ab.tr2
71,2.972328755,0,0.755448787,5.468030832,0.019367436,0.692592064,VTR2Ab.tr2
75,8.334031878,0,1.300970591,11.00368924,0.000909307,1.192724009,VTR2Ab.tr2
82,2.790123227,0,0.956857523,6.411397554,0.011339013,0.87724269,VTR2Ab.tr2
95,2.963626405,0,0.847201775,4.989140818,0.02550687,0.776710792,VTR2Ab.tr2
98,7.845267757,0,1.170470338,11.27750468,0.000784519,1.073081962,VTR2Ab.tr2
105,1.866373606,0,0.648390538,4.22726991,0.039779377,0.594441541,VTR2Ab.tr2
119,2.767671041,0,1.090589186,5.575135615,0.018217254,0.99984728,VTR2Ab.tr2
128,5.96771718,0,1.10480728,10.05147313,0.001522262,1.012882365,VTR2Ab.tr2
158,11.71075145,1.387940737,3.357106664,9.464287363,0.002095108,3.077780349,VTR2Ab.tr2
165,6.833800097,0,2.011986187,12.11425974,0.000500377,1.844579922,VTR2Ab.tr2
169,5.120190102,0,0.673898839,8.041594702,0.004571527,0.617827437,VTR2Ab.tr2
176,3.267563457,0,1.0986737,6.51748101,0.010681919,1.007259126,VTR2Ab.tr2
179,2.992885096,0,1.018734395,6.438701994,0.011166021,0.933971129,VTR2Ab.tr2
181,5.081479679,0,2.568378187,8.095217459,0.004438221,2.354677615,VTR2Ab.tr2
193,5.887947971,0,1.458246568,11.08778865,0.00086898,1.336913921,VTR2Ab.tr2
197,2.990897591,0,0.744201768,5.531139847,0.018680932,0.682280847,VTR2Ab.tr2
200,3.041104729,0,0.734947011,5.662764164,0.017328792,0.673796127,VTR2Ab.tr2
207,9.294555843,0.893106283,5.845493788,9.951823452,0.001606902,5.359122517,VTR2Ab.tr2
213,5.899811734,0,1.506050012,10.83912923,0.000993775,1.380739904,VTR2Ab.tr2
214,2.822093128,0,1.059324407,5.874112143,0.01536512,0.971183871,VTR2Ab.tr2
218,2.94866444,0,0.663194231,5.94824023,0.014731986,0.6080135,VTR2Ab.tr2
222,2.653717201,0,0.790585774,4.823410839,0.028075736,0.724805496,VTR2Ab.tr2
229,11.40832322,0,3.253409154,22.36108722,2.26E-06,2.982710937,VTR2Ab.tr2
235,1.981703174,0,0.58149168,4.906618045,0.026753975,0.533108967,VTR2Ab.tr2
242,7.607392719,0,1.898063796,13.77501742,0.000206058,1.740136385,VTR2Ab.tr2
246,9.373478691,0,3.06972086,19.92262102,8.06E-06,2.814306332,VTR2Ab.tr2
280,5.183164459,0,1.92726401,11.850916,0.00057633,1.76690701,VTR2Ab.tr2
295,10.95969263,0,3.490241215,23.11421339,1.53E-06,3.199837509,VTR2Ab.tr2
297,1.866373606,0,0.637860904,4.28302858,0.0384947,0.584788019,VTR2Ab.tr2
300,3.229430252,0,1.200654855,5.859775903,0.015490766,1.100754992,VTR2Ab.tr2
305,2.859425516,0,1.186087188,7.021377811,0.008054223,1.08739942,VTR2Ab.tr2
318,8.426395846,0,2.736089212,17.82809416,2.42E-05,2.508434332,VTR2Ab.tr2
320,1.942863737,0,0.577049968,4.851840165,0.027616655,0.529036825,VTR2Ab.tr2
324,5.812737076,0,1.625858097,10.12270474,0.001464539,1.490579419,VTR2Ab.tr2
336,5.449700377,0,1.301699778,11.37381866,0.000744866,1.193392525,VTR2Ab.tr2
337,4.118435529,0,1.199071262,7.367401044,0.006641686,1.099303161,VTR2Ab.tr2
357,6.072848338,0,1.645812961,10.37877194,0.001274725,1.508873949,VTR2Ab.tr2
362,6.034040954,0,1.467046541,11.23699818,0.000801827,1.344981697,VTR2Ab.tr2
364,5.171072777,0,0.778880962,7.491645928,0.006198587,0.714074576,VTR2Ab.tr2
367,2.859425516,0,1.186087188,7.025166604,0.008037199,1.08739942,VTR2Ab.tr2
369,17.75649249,0.698047523,4.65434956,16.20988165,5.67E-05,4.267086825,VTR2Ab.tr2
370,7.938768909,0,1.058722859,11.94654488,0.000547488,0.970632374,VTR2Ab.tr2
373,7.108471914,0.51613602,2.270752012,8.314926702,0.003932059,2.081815272,VTR2Ab.tr2
380,2.546508344,0,1.287566599,4.072316211,0.043591462,1.180435289,VTR2Ab.tr2
393,4.539402782,0,1.152240918,8.179965674,0.004235556,1.056369311,VTR2Ab.tr2
398,13.55244448,0,1.693689055,20.40423285,6.27E-06,1.552766538,VTR2Ab.tr2
404,10.21878882,1.053029,4.168051012,12.52183485,0.000402224,3.821250494,VTR2Ab.tr2
415,2.963626405,0,0.770496382,5.367511959,0.02051522,0.706387631,VTR2Ab.tr2
420,2.228701547,0,0.81515479,6.02465826,0.014107363,0.74733026,VTR2Ab.tr2
9,5.146944236,0.419097102,1.559373551,6.799894223,0.009116327,1.474628684,VTR2Ab.tr3
21,13.05859554,0,2.884582496,26.72405261,2.35E-07,2.727818545,VTR2Ab.tr3
22,2.807778287,0,0.734530112,5.314437326,0.021149423,0.694611738,VTR2Ab.tr3
26,5.191589325,0,1.223312024,11.52568229,0.000686413,1.156830574,VTR2Ab.tr3
28,1.386832737,0,0.515403684,3.953454218,0.04677526,0.487393835,VTR2Ab.tr3
33,5.134037508,0,0.762409835,7.573412814,0.005923552,0.720976325,VTR2Ab.tr3
45,5.005775986,0,1.393021025,10.14262861,0.001448794,1.317316662,VTR2Ab.tr3
51,3.787782178,0,1.04772746,7.662758491,0.005637225,0.990788233,VTR2Ab.tr3
55,7.832403387,0,1.003274373,12.2068115,0.000476153,0.94875097,VTR2Ab.tr3
71,2.790123227,0,0.734933618,5.321144894,0.021068165,0.694993316,VTR2Ab.tr3
75,8.019943513,0,1.241084138,11.05464507,0.000884653,1.173636855,VTR2Ab.tr3
82,2.848766347,0,0.961910507,6.500146771,0.010786559,0.909635042,VTR2Ab.tr3
95,2.761284877,0,0.817649424,4.867912134,0.027360584,0.773213893,VTR2Ab.tr3
98,7.633732328,0,1.142409595,11.2774394,0.000784547,1.080324824,VTR2Ab.tr3
105,1.910821839,0,0.650215457,4.309391382,0.03790252,0.614879202,VTR2Ab.tr3
119,2.81206952,0,1.083103841,5.74216645,0.016562352,1.024242068,VTR2Ab.tr3
128,5.69058319,0,1.043016452,10.09615022,0.001485794,0.986333247,VTR2Ab.tr3
158,9.149213684,1.310222805,2.819784792,7.022407898,0.008049591,2.666542302,VTR2Ab.tr3
165,7.434174256,0,2.303966661,13.87560875,0.000195317,2.178756542,VTR2Ab.tr3
169,7.855353205,0,0.965831837,12.46270982,0.000415157,0.913343265,VTR2Ab.tr3
176,2.333756882,0,0.720455267,4.698737333,0.030184785,0.681301797,VTR2Ab.tr3
179,3.041104729,0,1.006702396,6.605839864,0.010164485,0.951992695,VTR2Ab.tr3
181,4.209758833,0,2.08565089,6.956553149,0.008351277,1.972305241,VTR2Ab.tr3
193,5.560331772,0,1.435125149,10.77452627,0.001029066,1.357132618,VTR2Ab.tr3
197,2.761284877,0,0.727105187,5.347933482,0.020746846,0.687590324,VTR2Ab.tr3
200,2.790123227,0,0.718009432,5.409958,0.020022198,0.678988882,VTR2Ab.tr3
207,10.66542589,0.847083235,6.479315683,12.55817367,0.000394477,6.127194318,VTR2Ab.tr3
213,4.151154016,0,1.099834267,7.934426782,0.004850299,1.040063272,VTR2Ab.tr3
214,2.877967787,0,1.060645894,5.973688336,0.014520878,1.00300461,VTR2Ab.tr3
218,2.761284877,0,0.632183062,5.879866665,0.015314981,0.597826785,VTR2Ab.tr3
229,13.88556735,0,3.602526699,26.82501322,2.23E-07,3.406745743,VTR2Ab.tr3
235,1.981703174,0,0.565028953,5.003587075,0.025294843,0.534322197,VTR2Ab.tr3
242,7.173632643,0,1.849541477,13.4469457,0.000245405,1.749027302,VTR2Ab.tr3
246,7.340335998,0,2.370636673,15.7447619,7.25E-05,2.241803342,VTR2Ab.tr3
280,5.064767742,0,1.9018062,11.68638262,0.000629592,1.798451675,VTR2Ab.tr3
295,13.84000975,0,4.402344176,29.17355017,6.62E-08,4.163096775,VTR2Ab.tr3
297,1.898892325,0,0.641314095,4.330646988,0.037432015,0.606461588,VTR2Ab.tr3
300,3.155096174,0,1.15836438,5.996287295,0.014336016,1.09541254,VTR2Ab.tr3
302,5.781815629,0.980852121,2.195195617,4.464390054,0.034608444,2.075896711,VTR2Ab.tr3
305,2.112567467,0,0.87579268,5.262336975,0.021791739,0.828197327,VTR2Ab.tr3
318,10.40118805,0,3.36598058,22.25642954,2.39E-06,3.183054831,VTR2Ab.tr3
320,1.887231538,0,0.560168567,4.939772889,0.026245485,0.529725951,VTR2Ab.tr3
324,6.912280864,0,1.992970054,12.34820835,0.00044141,1.884661187,VTR2Ab.tr3
336,6.523323864,0,1.555531448,14.18127622,0.000166014,1.470995382,VTR2Ab.tr3
337,3.895752901,0,1.171590982,7.169209835,0.007416544,1.107920336,VTR2Ab.tr3
357,2.747945255,0,0.794957536,4.945470252,0.026159122,0.751755206,VTR2Ab.tr3
362,5.593416335,0,1.437522566,10.80282159,0.001013455,1.359399747,VTR2Ab.tr3
364,5.01420211,0,0.7600475,7.494957838,0.006187198,0.718742372,VTR2Ab.tr3
367,2.80855873,0,1.166924901,7.004329628,0.008131282,1.103507835,VTR2Ab.tr3
369,14.5428594,0.648164661,3.913179356,14.19331676,0.000164955,3.70051584,VTR2Ab.tr3
370,8.071252786,0,1.007864171,12.34259912,0.000442738,0.953091333,VTR2Ab.tr3
374,8.028255567,0.996288349,2.905953851,7.818752099,0.005170689,2.748028464,VTR2Ab.tr3
381,4.029763151,0,0.735605321,6.749130188,0.00937934,0.695628515,VTR2Ab.tr3
13,7.117451602,0.623101866,1.975771964,5.315931445,0.021131294,1.337595402,VTR2Ba
28,5.231762308,0,0.983564263,6.654027336,0.009893196,0.665871902,VTR2Ba
42,8.019943513,0,1.48113563,10.05649244,0.00151812,1.002727159,VTR2Ba
46,4.001670851,0,0.498687181,4.13133697,0.04209608,0.337610662,VTR2Ba
50,3.193550897,0,1.150468441,4.054964218,0.044041652,0.778865844,VTR2Ba
60,5.176108006,0,1.472371431,7.497560789,0.006178262,0.996793807,VTR2Ba
61,9.174366728,0,1.800577836,12.85687471,0.000336242,1.218989174,VTR2Ba
69,4.096453017,0,0.514675915,4.113759933,0.042535698,0.348435017,VTR2Ba
75,3.141026056,0,1.142076069,4.023285532,0.04487621,0.773184217,VTR2Ba
83,12.52145595,0,1.684231128,11.80459161,0.000590848,1.140222583,VTR2Ba
84,8.930776762,0,1.812596967,12.58367971,0.00038913,1.227126112,VTR2Ba
94,4.001670851,0,0.516373768,4.061541351,0.043870438,0.349584461,VTR2Ba
105,4.893996247,0,0.552897059,4.336768308,0.037297654,0.374310689,VTR2Ba
123,1.800787385,0,0.686543267,3.864370855,0.049321682,0.464789021,VTR2Ba
137,4.001670851,0,0.516373768,4.060323416,0.04390209,0.349584461,VTR2Ba
150,9.420944159,0,1.921262463,12.53554689,0.000399283,1.300692531,VTR2Ba
155,11.64131539,0,2.267412901,16.61458446,4.58E-05,1.535035989,VTR2Ba
170,5.003111372,0,0.603876724,4.198475711,0.040460332,0.408823864,VTR2Ba
174,10.95969263,0,2.871431406,13.50840802,0.000237497,1.943955839,VTR2Ba
178,5.264818188,0,1.668611683,9.144827769,0.002494221,1.129648237,VTR2Ba
200,7.871349333,0,1.027016497,8.011612235,0.004647834,0.695289016,VTR2Ba
203,4.1665236,0,1.477791713,8.285114477,0.003997138,1.000463331,VTR2Ba
215,15.29346216,0,2.202099687,15.02775666,0.000105941,1.490819017,VTR2Ba
220,3.008463262,0,1.64532931,4.817522424,0.028171811,1.113886096,VTR2Ba
223,3.85198668,0,0.510490067,4.014594302,0.045108075,0.345601202,VTR2Ba
235,4.723505357,0,0.549395843,4.275572274,0.038663942,0.371940369,VTR2Ba
252,4.461131376,0,1.107925726,5.545202606,0.018531411,0.750064473,VTR2Ba
261,8.751308879,0.627105173,2.055312613,6.176148053,0.012948386,1.391444333,VTR2Ba
264,2.075664066,0,0.765679246,3.985992147,0.045880073,0.51836399,VTR2Ba
265,4.126606611,0,0.5554585,3.987000707,0.045852616,0.376044781,VTR2Ba
273,3.958030334,0,0.515945324,4.041307408,0.044399412,0.349294405,VTR2Ba
276,5.003111372,0,0.703587405,3.894119496,0.048455432,0.476327884,VTR2Ba
304,2.433870924,0,0.809231962,4.397027425,0.03600163,0.54784913,VTR2Ba
308,3.958030334,0,0.559662368,3.876224148,0.048974583,0.378890795,VTR2Ba
314,4.029763151,0,0.530170826,4.016873113,0.045047159,0.358925054,VTR2Ba
316,4.987181024,0,0.554725969,4.361904837,0.036751189,0.375548858,VTR2Ba
327,3.11772252,0,1.295960761,5.26236881,0.02179134,0.877363981,VTR2Ba
355,4.001670851,0,0.54105644,3.968804686,0.046350664,0.366294603,VTR2Ba
16,6.888767463,0,1.400753447,6.335963172,0.011831385,0.711555904,VTR2Bb.tr1
52,9.604238403,1.444812992,2.952760966,4.188745707,0.040693194,1.499945979,VTR2Bb.tr1
77,10.45978918,0,3.692239421,10.46631096,0.001215712,1.875586861,VTR2Bb.tr1
90,4.758541848,0,1.289449677,5.212375221,0.022426676,0.655015723,VTR2Bb.tr1
96,4.593928542,0,2.295671084,4.13199212,0.042079787,1.166156912,VTR2Bb.tr1
121,4.725605728,0,1.404166508,4.841280998,0.027786247,0.713289674,VTR2Bb.tr1
123,4.461131376,0,1.254159424,5.058596456,0.024504075,0.637088951,VTR2Bb.tr1
140,5.043255857,0,2.44107127,5.780342521,0.016206383,1.24001742,VTR2Bb.tr1
152,5.520690646,0,1.203563121,6.063413404,0.013801068,0.611386998,VTR2Bb.tr1
184,4.660192367,0,1.207986002,5.375362424,0.020423097,0.613633737,VTR2Bb.tr1
194,11.83399738,0,2.411632175,9.384954214,0.002187735,1.225062924,VTR2Bb.tr1
203,9.181257337,0,1.251215025,7.933175882,0.004853653,0.635593252,VTR2Bb.tr1
229,4.785172499,0,1.279311175,5.260184214,0.021818709,0.649865558,VTR2Bb.tr1
247,4.812214529,0,0.622751154,4.077635348,0.043454431,0.316345651,VTR2Bb.tr1
264,4.785172499,0,1.367886355,4.994820065,0.025423297,0.694860052,VTR2Bb.tr1
270,4.660192367,0,1.197333022,5.427375067,0.019823454,0.608222227,VTR2Bb.tr1
274,15.76936865,0,2.598371018,14.14390159,0.000169345,1.319922677,VTR2Bb.tr1
310,7.293722201,0,1.810338139,8.295308031,0.003974764,0.919617078,VTR2Bb.tr1
327,4.786022992,0,0.621243697,4.05194869,0.044120387,0.315579891,VTR2Bb.tr1
328,4.73830502,0,0.600254592,4.119068778,0.042402413,0.304917828,VTR2Bb.tr1
17,8.122045045,1.329217696,2.667809844,3.856142603,0.049564157,1.483312836,VTR2Bb.tr2
42,10.02610848,0,3.348617629,10.88014934,0.000972004,1.86184466,VTR2Bb.tr2
55,6.859710458,0,1.836942199,7.847615581,0.005088778,1.021347136,VTR2Bb.tr2
61,4.489068773,0,2.111178443,4.496182497,0.033970611,1.173823573,VTR2Bb.tr2
86,6.787610635,0,1.969165859,7.391277246,0.006554093,1.094864014,VTR2Bb.tr2
88,4.420924379,0,1.161660964,5.318843748,0.021096005,0.645888095,VTR2Bb.tr2
105,4.549403194,0,2.134450819,6.020077184,0.014144028,1.186763106,VTR2Bb.tr2
117,5.430990542,0,1.140158693,6.207065295,0.01272414,0.633932748,VTR2Bb.tr2
140,4.717961206,0,0.669432323,3.887246804,0.048654121,0.372207022,VTR2Bb.tr2
149,4.437829628,0,1.169766144,5.314530813,0.021148288,0.650394608,VTR2Bb.tr2
159,11.64131539,0,2.218209191,10.04989983,0.001523562,1.233333093,VTR2Bb.tr2
161,4.361468129,0,0.632059974,3.849689087,0.049755213,0.351427848,VTR2Bb.tr2
168,4.440289479,0,0.584702768,4.036424699,0.044528063,0.325097054,VTR2Bb.tr2
194,4.569906877,0,1.17249842,5.42281857,0.01987525,0.651913764,VTR2Bb.tr2
212,4.839835478,0,0.565472029,4.281184544,0.038536483,0.314404687,VTR2Bb.tr2
218,4.419833082,0,0.610347728,3.933219684,0.047341225,0.339355753,VTR2Bb.tr2
229,4.569906877,0,1.211168692,5.290670601,0.021439963,0.673414588,VTR2Bb.tr2
235,4.391474298,0,1.116834025,5.449536322,0.019573521,0.62096414,VTR2Bb.tr2
239,16.27672829,0,2.392664263,15.03085258,0.000105768,1.330330803,VTR2Bb.tr2
249,7.379360989,0.932164977,2.697192761,3.843700317,0.049933207,1.499649854,VTR2Bb.tr2
273,4.407363136,0,0.610430026,3.932309617,0.047366849,0.339401511,VTR2Bb.tr2
275,7.303017399,0,1.717020089,8.62401382,0.0033176,0.954669968,VTR2Bb.tr2
292,4.750201592,0,0.564095682,4.245947888,0.039344101,0.313639433,VTR2Bb.tr2
293,4.744691111,0,0.561872284,4.250165983,0.039246494,0.312403214,VTR2Bb.tr2
294,4.762918865,0,0.670146107,3.898497945,0.048329299,0.372603889,VTR2Bb.tr2
