,ID,sex,d15N,d13C
Neospl,88-05-a,NA,5.817516413,-22.50409346
Tresti,IZG2,M,6.843704004,-20.25689492
Batleo,KCC7,NA,8.342877424,-20.92421619
Neogra,89-07-a,NA,5.639581769,-21.72942695
Benhor,ILI2,F,6.947720947,-20.32339622
Xennas,MOB4,F,8.259643688,-20.73276674
Neogra,89-07-c,NA,6.119706247,-22.58114098
Neogra,89-07-d,NA,5.217109765,-21.75858193
HemstZ,IXC9,M,7.940886882,-20.42263575
Telbra,JBA7,M,7.457958876,-11.86732695
#N/A,88-06,#N/A,6.36225258,-21.47327661
#N/A,88-10,#N/A,4.952690933,-18.43343208
Lammel,89-28-a,NA,5.568010188,-17.66684508
Lammel,89-28-c,NA,5.188282187,-17.61164066
Neohel,89-15-b,NA,6.098831326,-19.19684752
Neohel,89-15-c,NA,5.861254481,-18.07097563
Neohel,89-15-d,NA,6.0779564,-18.43134903
#N/A,89-02,#N/A,5.005375953,-19.93001557
Neomar,89-05-a,NA,5.058060941,-20.62148681
Neomar,89-05-b,NA,5.383116659,-20.76415004
Neomar,89-05-c,NA,4.964619619,-20.43300222
Neogra,89-07-b,NA,5.600813836,-22.10635403
Lammel,88-11-b,NA,7.633621512,-19.39055805
Neohel,93-43-b,NA,6.748933634,-19.0343783
Neogra,88-19,NA,6.578953231,-22.44995166
Neopec,91-06-b,NA,6.83143862,-19.65195834
Neobue,IOA7,NA,6.664454678,-22.44687091
Batmin,JEF7,NA,7.323656216,-19.92862211
Xenpap,IVH7,F,6.577934184,-18.57281643
Neomar,89-16-a,NA,5.523277919,-21.36498383
Neomar,89-16-b,NA,5.597831687,-20.17161832
Neogra,89-17,NA,6.586905538,-21.61593009
Neospl,89-30-a,NA,6.864241785,-18.2188758
Neospl,89-30-b,NA,6.469608935,-18.70943351
Neospl,89-30-c,NA,6.762850143,-18.39906166
Neospl,89-30-d,NA,6.321496892,-19.01771467
Neospl,89-30-e,NA,6.347341965,-19.62696412
Neonve,89-31-a,NA,8.543150652,-20.29241794
Neonve,89-31-c,NA,9.563998635,-20.64439634
XenpaK,90-01-a,NA,6.479549331,-16.2116582
XenpaK,90-01-b,NA,6.333425388,-15.85330406
XenpaK,90-02-a,NA,5.985510235,-15.56890522
XenpaK,90-02-b,NA,6.342371759,-16.27416077
#N/A,90-07,#N/A,6.952710865,-18.53341821
Neospl,90-08-a,NA,6.635613403,-18.94481103
Neospl,90-08-b,NA,6.09982537,-19.1281108
#N/A,90-10,#N/A,6.671398755,-18.57195432
Neomar,90-84,NA,5.79167118,-19.4363816
Neohel,91-15,NA,6.633625327,-12.49219064
Neomar,91-21,NA,5.843361638,-18.65735824
Neohel,91-23-a,NA,6.636607441,-17.36686341
Neohel,91-23-b,NA,6.564042654,-17.45852524
XenpaK,91-44-a,NA,6.764838216,-14.16244187
XenpaK,91-44-b,NA,6.608774379,-14.392696
Neogra,91-52-a,NA,6.245949711,-20.37468597
Neogra,91-52-b,NA,5.850319966,-20.92139011
Neogra,93-03-b,NA,6.000420914,-21.73775695
LamorC,93-18-b,NA,7.60976488,-20.83912568
Neohel,93-38-a,NA,6.604798227,-18.99480215
Neohel,93-38-b,NA,6.608774379,-19.24267179
Neohel,93-38-c,NA,6.422889056,-19.71340223
Lammel,93-47-a,NA,4.961637448,-19.82795783
Lammel,93-47-b,NA,4.916904863,-19.68424245
Lammel,93-47-c,NA,4.905970227,-19.14789868
Neopec,93-53,NA,6.120563272,-20.77125195
Neooli,93-54-a,NA,5.918909174,-22.20006342
Neooli,93-54-b,NA,5.736004499,-22.32500817
Neooli,93-55-a,NA,6.119706247,-21.93038673
Neooli,93-55-b,NA,5.548129182,-22.30418413
Neooli,93-55-c,NA,5.422878742,-21.50659728
NeoleL,94-18-a,NA,6.504400317,-18.61361484
NeoleL,94-18-b,NA,5.978551918,-19.97687854
Neomar,94-25-a,NA,5.504390954,-17.49185665
Neomar,94-25-b,NA,5.541170829,-18.69381095
NeoleL,94-77-a,NA,5.777754513,-20.74540606
NeoleL,94-77-b,NA,5.586897138,-20.68084324
NeoleL,94-78,NA,5.788689038,-18.46259478
Neooli,94-85-a,NA,5.867218762,-21.70235439
Neooli,94-85-b,NA,5.780736657,-22.15841489
Julunt,96-36,NA,5.988723191,-22.09031761
Julunt,96-37-a,NA,5.918193783,-21.90886547
Julunt,96-37-b,NA,6.239253108,-21.59955336
Julunt,96-37-c,NA,6.039183507,-22.08419094
Julunt,98-31-a,NA,6.815534051,-21.95641755
Julunt,98-31-b,NA,5.68133183,-22.45828118
Plemul,INA1,NA,9.074554828,-19.4868861
Calple,JZF5,M,8.586933468,-16.04371742
Calple,JZF6,M,8.039062485,-16.1708671
Calple,JZF7,M,8.866787929,-16.6826574
Calple,JZF8,M,8.195847773,-17.93273726
Calple,JZF9,M,8.376351591,-15.98058299
Calple,JZG1,M,8.803155149,-17.21265461
Calple,JZG2,F,8.204313412,-15.96008651
Calple,JZG3,F,9.240883173,-16.42013733
Calple,JZG4,F,9.046455618,-16.48176285
Calple,JZG5,F,8.390404069,-16.50374913
Xenlon,JZG6,M,9.046807669,-21.57797535
Xenlon,JZG7,F,8.642647492,-20.61981672
Neople,JZG8,NA,8.209985233,-20.08527501
Neople,JZG9,NA,8.782346366,-19.6947025
Neople,JZH1,NA,8.818963543,-20.82410278
Calmel,JZH2,M,8.352675713,-18.09841284
Calmel,JZH3,F,8.15478854,-17.78712874
Xenorn,JZI1,M,7.862492299,-21.28812688
Xenorn,JZI2,M,8.510025509,-21.01190658
Xenorn,JZI3,M,9.348861826,-23.65435374
Xenorn,JZI4,F,7.783621669,-19.97319095
Xenorn,JZI5,F,9.157492878,-22.47321446
Xenorn,JZI6,F,8.732939866,-23.15487999
Xenorn,JZI7,F,9.339907413,-24.00867751
Xenorn,JZI8,F,9.023776727,-22.66578038
Xenorn,JZI9,F,8.981675203,-20.91932574
Xenorn,KAA1,F,7.287300805,-20.14153511
Lchaur,KAA2,NA,7.657650635,-21.2668567
Lamorn,KAA5,NA,8.443657879,-20.73140923
Lamorn,KAA6,NA,8.481550508,-20.82550589
Lamorn,KAA7,NA,8.071711807,-21.73476599
Lamorn,KAA8,NA,8.311033676,-22.57549917
Lamorn,KAA9,NA,8.107610087,-22.02421549
Batmin,KAD6,M,8.627537039,-20.64385777
Batleo,KAE1,F,8.272006482,-20.97413574
Xenlon,KAH2,M,9.297412509,-20.15117545
Xenlon,KAH3,M,9.410933838,-19.94718428
Xenlon,KAH4,M,9.444660289,-20.87749573
Xenlon,KAH5,M,9.981708283,-20.83118789
Xenlon,KAH6,F,9.173606951,-21.39839193
Xenlon,KAH7,F,8.988490208,-20.93274953
Xenlon,KAH8,F,9.004394856,-22.13622912
Xenlon,KAH9,M,9.516352293,-21.79765142
Calmel,KAI4,F,9.826473008,-18.27729696
Calmel,KAI5,M,9.223482472,-18.09496836
Calmel,KAI6,M,10.27462962,-18.89243339
Calmel,KAI7,M,8.598629305,-19.11854896
Calmel,KAI8,NA,10.64308091,-19.89806635
Trioto,KAI9,NA,7.117095708,-18.42249479
Trioto,KCA1,NA,7.361546752,-22.63485678
Tylpol,KCA2,NA,8.760881438,-20.14910702
Tylpol,KCA3,NA,8.580259728,-18.22478381
Carsch,KCA4,M,6.593432966,-14.98670617
Carsch,KCA5,M,6.182989055,-15.68255971
Carsch,KCA6,F,8.553664983,-16.45474554
Carsch,KCA7,F,6.951804604,-15.32798719
Carsch,KCA8,F,8.449795168,-16.62436275
Carsch,KCA9,F,6.363182942,-16.23283316
Carsch,KCB1,F,7.276069127,-16.18347666
Carsch,KCB2,F,6.555727731,-15.46569409
Carsch,KCB3,F,5.265436379,-14.26597833
Carsch,KCB4,F,6.970769105,-15.49848634
Batleo,KCB8,NA,8.327429537,-21.12788147
Batleo,KCB9,NA,7.883755224,-21.50907761
Batleo,KCC1,NA,8.184649398,-21.1430547
Batleo,KCC2,NA,8.433281809,-21.3650892
Batleo,KCC5,NA,8.567698638,-21.40959726
Neople,KDF7,NA,9.756785701,-18.96092792
Plepar,LEC7,F,8.488632075,-18.51926305
Plepar,LEC8,F,9.012688643,-19.14454217
Neoleu,KEH4,M,6.83880885,-19.46030886
Neoleu,KEH5,M,6.840586626,-19.50960745
Neoleu,KEH8,NA,6.755482072,-18.64093948
Plepar,KEH9,M,9.27837718,-17.77496181
Plepar,KEI1,M,9.604480682,-17.35973571
Troluk,KEI2,F,4.976200665,-15.45881653
Neoleu,LEC9,M,5.923505684,-19.80053412
Neoleu,LED1,M,6.232564134,-19.7146848
Neoleu,LED3,M,5.499540437,-19.76700639
Neobif,JBA1,M,9.230350004,-20.29134853
Cphgib,JBA2,M,8.403582264,-20.86717477
Cphgib,JBA3,M,8.371315011,-21.11752929
Cphgib,JBA4,F,8.494848654,-21.00817014
Cphgib,JBA5,NA,8.710671449,-20.64477422
Neoleu,KEB7,M,5.997727225,-19.31579242
Leppro,KEB8,F,7.4113557,-19.10469961
Leppro,KEB9,F,7.504304319,-19.75569126
Neosim,KEC3,NA,5.548534646,-22.62129534
Neosim,KEC4,NA,5.293362742,-23.08327019
Neosim,KEC5,NA,4.946591501,-22.65206223
Neosim,KEC8,NA,5.211146264,-22.49282342
Neosim,KEC9,NA,5.667860504,-21.98634725
Neosim,KED1,NA,4.847475348,-22.86341053
Neosim,KED2,NA,5.245357034,-22.4649712
Neosim,KED3,NA,5.673508703,-21.3274758
Neosim,KED4,NA,5.262254264,-22.15175189
Neosim,KED5,NA,5.445242524,-22.53383163
Trolun,KED8,M,4.809821421,-16.07097715
Trolun,KED9,F,3.874291782,-12.75082298
Trolun,KEE1,F,4.3990609,-15.10385329
Trolun,KEE2,F,4.617465735,-14.40339503
Trolun,KEE3,M,4.71431458,-14.86086469
Trolun,KEE4,F,4.222162049,-15.45353444
Trolun,KEE5,M,4.773782676,-15.27447062
Trolun,KEE6,M,4.699983327,-13.55251252
Trolun,KEE7,M,4.523757087,-17.086989
Leppro,LCI9,F,8.309141464,-20.88463395
Cypdwj,KFA1,M,6.627793964,-21.79561994
Cypdwj,KFA2,M,6.497379382,-22.43847627
Cypdwj,KFA3,M,6.977818655,-21.67826922
Cypdwj,KFA4,M,6.755426078,-21.80297759
Cypdwj,KFA5,M,6.807967724,-21.81288064
Cypdwj,KFA6,F,6.3903747,-21.93427066
Cypdwj,KFB2,F,6.213217025,-22.58496554
Cypdwj,KFB3,F,6.36652637,-22.29372678
Cypdwj,KFB4,F,6.110969381,-22.53492808
Cypdwj,KFB5,F,6.513369374,-21.97035418
Lamoce,INA7,M,6.176564797,-15.99833806
Lamoce,INA8,M,6.454790941,-18.7689665
Lamoce,INA9,M,5.618588927,-18.38433659
Lamoce,INB1,M,5.808790181,-19.32700419
Lamoce,INB2,F,5.886872826,-18.20757987
Neomux,INB3,M,6.409430227,-13.36370023
Neomux,INB4,F,6.588506103,-15.91742238
Neosex,INB5,NA,6.532478428,-17.01304095
Neosex,INB6,NA,6.5180995,-15.68415321
Julkom,INB8,NA,6.400447416,-18.19386783
Julkom,INB9,NA,6.489195943,-18.32989887
Julkom,INC1,NA,6.618828622,-19.96738528
Julkom,INC2,NA,6.748786046,-20.28304885
Julkom,INC3,NA,6.253260811,-20.45254667
Julkom,INC4,NA,6.332344598,-21.39198485
Julkom,INC5,NA,6.930979308,-20.72952682
Julkom,INC6,NA,5.878864349,-20.81530696
Neocal,INC8,M,6.983888243,-21.53064959
Neocal,INC9,F,6.708005914,-22.12173194
TelteS,IND2,M,6.562075481,-17.45136062
TelteS,IND3,M,6.635494937,-16.60624834
TelteS,IND4,M,6.079139713,-16.52059456
TelteS,IND5,M,6.070196293,-16.86353598
TelteS,IND6,M,6.281222019,-15.7069032
Batmin,JBG3,M,8.419549897,-19.91016716
Gwcabe,JBG4,M,8.743852946,-19.91165908
Gwcabe,JBG5,M,9.529035067,-19.89558531
Neomul,IRG1,NA,5.78566596,-24.77937062
Neomul,IRG2,NA,5.989486381,-24.54988148
Neomul,IRG3,NA,5.99218652,-23.82161497
Neomul,IRG4,NA,5.441308064,-24.88974984
Neomul,IRG5,NA,5.63815897,-24.83990083
Neomul,IRG6,NA,5.142573132,-24.11589338
Neomul,IRG7,NA,5.812217248,-23.42842678
Neomul,IRG8,NA,5.991257211,-23.40909953
Neomul,IRG9,NA,6.156365015,-23.8716667
Neomul,IRH1,NA,5.891575189,-23.4765733
Altshe,IRH6,F,6.143355726,-22.29038177
Altshe,IRH7,M,6.713985,-21.62003356
Altshe,IRH8,F,6.31683085,-22.32298229
Altshe,IRH9,NA,6.356120087,-21.38526761
Altshe,IRI1,NA,6.025659465,-22.30006334
Altshe,IRI2,NA,6.378651973,-22.06973593
Altshe,IRI3,NA,5.696527588,-21.11336215
Altshe,IRI5,NA,6.051360451,-22.28424488
Altshe,IRI6,NA,6.257242789,-22.2170306
Altshe,IRI7,NA,6.356212593,-22.29649437
Telshe,IVA1,NA,5.782199253,-20.64856326
Telshe,IVA2,NA,6.377512404,-21.55577778
Telshe,IVA3,NA,6.231924933,-20.87869096
Telshe,IVA4,NA,5.449142984,-21.99762295
Telshe,IVA5,NA,6.115255521,-20.86744027
Telshe,IVA6,NA,5.197363817,-22.24051973
Telshe,IVA7,NA,5.932218167,-20.26226941
Telshe,IVA8,NA,6.092796316,-20.91508293
Telshe,IVA9,NA,6.368623719,-21.33334424
Altcal,IOE4,M,6.264595777,-17.76008573
Altcal,IOE5,NA,5.141016077,-20.25785757
Plepar,IOE6,M,10.11586049,-19.5610511
Plepar,IOE7,M,10.25181273,-19.50816843
Trored,IOE8,NA,6.827462736,-16.48443274
Trored,IOE9,F,5.142085105,-15.14243411
Trored,IOF1,NA,5.620591045,-15.22617822
Trored,IOF2,NA,5.495458687,-14.64409532
Trored,IOF3,M,5.884542136,-14.85619028
Trored,IOF4,M,5.032442143,-13.32232868
Trored,IOF5,M,4.726691351,-15.40237394
Trored,IOF6,M,5.652709667,-15.52557076
Trored,IOF7,F,5.558525391,-15.01216456
Ophnas,IOF8,M,5.85484794,-17.58674973
Ophnas,IOF9,M,5.642006178,-15.94756558
Cyafoa,IOG3,M,4.662987464,-16.04903514
Cyafoa,IOG4,M,4.430057196,-14.4526087
Cyafoa,IOG5,M,4.68226436,-16.70539479
Cyafoa,IOG6,M,4.70546255,-16.76735693
Cyafoa,IOG7,M,4.218024955,-13.85315004
Cyafoa,IOG8,F,5.748416888,-17.05613598
Cyafoa,IOG9,F,4.458847679,-15.73552365
Cyafoa,IOH1,F,4.962774371,-15.42515006
Cyafoa,IOH2,F,5.194461271,-17.45654143
Lepcun,IOH4,F,9.20391519,-20.50424442
Lepcun,IOH5,M,9.440204492,-20.39049758
Regcal,IOH6,M,7.579058222,-21.17377476
Regcal,IOH7,M,5.973827679,-22.99023464
Lesper,IOH8,M,6.068084481,-19.56313235
Lesper,IOH9,F,6.132764824,-19.03381082
Lesper,IOI1,M,5.356808867,-19.89713186
Lesper,IOI2,F,4.842702758,-21.88808748
Lesper,IOI3,M,6.334683348,-18.54841776
Lesper,IOI4,F,5.006907182,-20.24254544
Lesper,IOI5,NA,6.030972875,-19.34188442
Lesper,IOI6,M,5.104748687,-20.90927928
Lesper,IOI7,F,5.897488499,-20.93640166
Lesper,IOI8,F,5.403785985,-21.27706457
Psccur,IOI9,M,7.118897038,-14.61643275
Neofur,IRA3,F,6.432266746,-18.44371967
Neofur,IRA4,M,6.510769873,-20.27458515
Neofur,IRA5,M,6.568170674,-20.06255329
Neofur,IRA6,F,6.603344623,-17.56814542
Neofur,IRA7,M,6.808433712,-19.48324717
Simple,IRA8,F,4.94092692,-16.25912238
Petfam,IRA9,M,4.482860728,-12.10516966
Petfam,IRB1,M,4.561931154,-12.20084836
Julreg,IRB3,NA,6.459303749,-18.51687147
Julreg,IRB4,NA,6.246175477,-20.21515486
Julreg,IRB5,NA,6.631151556,-18.09204593
Julreg,IRB6,NA,6.201490421,-14.90517635
Julreg,IRB7,NA,6.854179433,-19.71188431
Telvit,IRB9,NA,6.265828864,-16.68525293
Telvit,IRC1,NA,5.784193602,-16.94913269
Telvit,IRC2,NA,6.951884891,-17.1086879
Juldic,IRC6,M,6.446123889,-17.88145327
Juldic,IRC7,M,6.873885568,-19.52747712
Juldic,IRC8,NA,6.919300594,-21.21456458
Juldic,IRC9,M,7.125177938,-19.1010096
Juldic,IRD1,M,6.915243705,-17.67090196
Lamsig,IWF4,M,5.928737766,-20.02160886
Lamsig,IWF5,M,5.699188534,-20.57086629
Lamsig,IWF6,M,5.718502728,-20.97440236
Lamsig,IWF7,M,5.94870119,-21.12623791
Lamsig,IWF8,M,5.808103143,-21.2464835
Lamsig,IWF9,M,5.70468001,-19.98745664
Lamsig,IWG2,F,6.024018018,-19.79521525
Lamsig,IWG3,F,5.987979861,-21.59970752
Gnapfe,IWG8,NA,6.145170755,-19.33325563
Gnapfe,IWG9,NA,6.168105768,-18.90982067
Gnapfe,IWH1,NA,5.964682178,-20.59333261
Psccur,IWH2,F,5.142260559,-10.97469458
Psccur,IWH3,F,7.186907893,-12.3120122
Simple,IWH4,M,5.596284451,-15.70949608
Simple,IWH5,F,7.068774474,-16.32321456
Pettre,IWH6,NA,4.852669693,-12.94208834
Pettre,IWH7,NA,4.910976356,-13.05092821
Pettre,IWH8,NA,4.406966977,-13.41230968
Pettre,IWH9,NA,4.549940345,-14.77713132
Pettre,IWI1,NA,4.394332936,-14.96814059
Gwcsta,ITB5,NA,7.110022819,-19.76945109
Gwcsta,ITB6,NA,8.223579864,-19.66005327
Gwcsta,ITB7,NA,8.181602463,-19.81787972
Gwcsta,ITB8,NA,8.595076676,-19.71155345
Gwcabe,ITB9,NA,8.824081491,-19.92571895
Batgra,ITC1,M,9.157060144,-20.0581634
Cyplep,ITC3,F,6.353563434,-22.68239848
Cyplep,ITC4,F,6.611554108,-22.57444327
Cyplep,ITC5,M,6.429937682,-22.31907181
Cyplep,ITC6,M,6.524469282,-22.37774172
Cyplep,ITC7,M,6.39505446,-22.38764477
Batgra,ITD5,NA,9.008806291,-20.07859663
Batgra,ITD6,NA,8.851971562,-20.13472968
Pcybri,ITD8,F,6.827478693,-21.95795802
Pcybri,ITD9,NA,6.349627841,-22.34751335
Pcybri,ITE1,M,6.853065338,-21.90586495
Pcybri,ITE2,M,6.442717729,-22.13318695
Pcybri,ITE3,F,6.404690154,-22.39565431
Batleo,ITE4,NA,8.726741632,-20.0236268
Cyplep,ITE6,F,6.289507705,-22.57685935
Cyplep,ITE7,F,6.445794051,-22.65548311
Cyplep,ITE8,M,6.36561572,-22.47679397
Cyplep,ITE9,M,6.92803538,-22.11078575
Cyplep,ITF1,NA,6.395662815,-22.33985823
Batleo,ITF2,NA,8.901600031,-20.10614687
Batvit,ITF3,M,8.471680524,-20.22264317
Batvit,ITF8,NA,8.690256203,-20.58139344
Xenbou,ITF9,M,6.344110667,-15.29054045
Petpol,ITG1,NA,4.126300355,-10.12554627
Hapmic,ITG3,M,5.831610756,-20.61892451
Hapmic,ITG4,M,5.79918726,-20.4539372
Hapmic,ITG5,M,5.672152472,-20.87967753
Hapmic,ITG6,M,5.681557125,-21.3208014
Boumic,ITH6,NA,6.697388252,-20.93207771
Boumic,ITH7,NA,6.512545606,-20.50550325
Batfas,ITH8,NA,7.281700768,-20.02718687
Trenig,ITI2,M,7.707065837,-20.41920209
Batgra,IUH5,M,8.160509603,-18.91310827
Batgra,IUH6,M,8.636759103,-19.81873692
Regcal,IUI3,M,6.972030167,-19.33627576
Hemste,IXC5,M,6.369107073,-21.20872672
Hemste,IXC6,M,6.65985896,-21.31601101
Hemste,IXC7,M,6.682149132,-21.12536066
Hemste,IXC8,M,6.396988747,-21.12827643
Gnaper,IXD5,NA,7.070911761,-19.53160423
Gnaper,IXD6,NA,7.501411918,-19.24409195
Gnaper,IXD7,NA,6.587404846,-18.64817747
Gnaper,IXD8,NA,6.771980831,-19.41862652
Gnaper,IXD9,NA,6.295571805,-19.71790119
Gnaper,IXE1,NA,6.442006117,-19.24216309
Gnaper,IXE2,NA,6.902218815,-20.35421569
Gnaper,IXE3,NA,6.515172177,-19.5834122
Gnaper,IXE4,NA,7.165383653,-19.29352358
Tremac,IXE5,M,7.327214413,-19.75102614
Tremac,IXE6,M,7.968631733,-19.01627307
Tremac,IXE8,M,8.300007667,-19.37847841
Treuni,IXE9,F,9.025858566,-19.68696628
Treuni,IXF1,NA,7.962966494,-19.80565441
Treuni,IXF2,M,8.920811426,-19.60258009
Treuni,IXF3,M,7.508685824,-19.9801349
XenniS,IXF4,F,6.387757784,-23.22485364
Treuni,IXF5,M,8.055807381,-20.05065111
Treuni,IXF6,F,8.725154105,-19.78989943
Treuni,IXF7,NA,7.559043265,-20.42428093
Treuni,IXF9,NA,6.907997293,-22.18122878
Treuni,IXG1,M,8.120477255,-19.95047336
Batgra,IXG2,NA,9.071116469,-19.76257918
Batgra,IXG3,NA,8.761101759,-20.23212325
Xencau,IXG4,NA,7.36157865,-20.45802435
Xencau,IXG5,NA,8.044210529,-19.93136244
Benmel,IXG6,NA,5.82982246,-21.4504673
Gwcchr,IXG7,NA,8.814484068,-20.16264313
Gwcsta,IXG8,NA,8.588898965,-20.20315429
Gwcsta,IXG9,NA,7.952539529,-19.589412
Gwcsta,IXH1,NA,7.627522356,-19.9535846
Gwcsta,IXH2,NA,8.137089047,-19.28939128
Gwcsta,IXH3,NA,8.238791088,-20.32931575
Gwcsta,IXH4,NA,8.379195146,-19.77182614
Gwcbel,IXH5,NA,7.798505608,-20.30425447
Gwcbel,IXH6,NA,8.26269605,-19.56928565
Gwcbel,IXH7,NA,7.624057144,-20.63833665
Gwcbel,IXH8,NA,8.528777487,-20.60948035
Gwcbel,IXI1,M,7.560707115,-20.25827496
Gwcbel,IXI2,F,8.478066434,-20.08458889
Benmel,IXI3,NA,5.327755489,-21.28791575
Benmel,IXI4,NA,5.5425,-21.4623
Benmel,IXI5,NA,5.839500089,-21.18388724
Benmel,IXI6,NA,5.730961909,-21.46293173
Benmel,IXI7,NA,5.774650663,-21.25878203
Benmel,IXI8,NA,6.034654262,-21.39547559
Regcal,IYB4,F,5.7855237,-20.94415042
Benmel,IZA4,F,5.585741684,-21.51808458
HemstZ,IZA5,NA,8.582276271,-20.33262846
Lchaur,IZA6,F,8.548315546,-20.48404227
Perecc,IZB4,NA,9.249153091,-18.96640528
Regcal,IZB5,NA,7.087631032,-18.81409363
Boumic,IZB6,NA,7.877971264,-20.60941741
Xchhec,IZB8,M,6.473468097,-20.75572565
Xchhec,IZB9,M,6.744370319,-20.98532541
Xchhec,IZC1,M,6.860806015,-20.65808511
Xchhec,IZC2,M,6.715190583,-19.66405457
Xencau,IZC3,NA,8.02955269,-20.71919207
Gwcbel,IZC9,NA,8.20239661,-19.54415115
Gwcbel,IZD1,NA,7.726914266,-20.3521453
Gwcbel,IZD2,NA,8.312892283,-19.79059131
Gwcbel,IZD3,NA,7.502606779,-20.14663294
Batfas,IZD4,M,8.6,-21.6
Gwcchr,IZF2,NA,9.190074581,-20.43637329
Gwcchr,IZF3,NA,9.339888533,-20.26744303
Gwcchr,IZF4,NA,9.084342722,-20.06459486
Tresti,IZF9,M,6.67195182,-20.16010469
Tresti,IZG1,M,6.936390922,-20.83154762
Tresti,IZG3,M,6.899841282,-20.03484088
Tresti,IZG4,M,7.050043732,-20.03894305
Tresti,IZG5,M,6.561719059,-20.49580571
TeldhS,IZH3,NA,7.517937287,-20.02916489
TeldhS,IZH4,NA,7.486433344,-19.30831834
Xencau,JAA1,F,7.624378692,-18.38698507
Xencau,JAA2,NA,7.796430838,-19.12013249
Xencau,JAA3,NA,7.676607404,-18.65991565
Xencau,JAA4,NA,7.556543974,-18.65491708
Baicen,JAB7,M,8.055121248,-19.87819396
Baicen,JAB8,F,8.484050246,-19.70679048
Tremac,JAC2,M,7.479647751,-19.73423163
Plemul,JAC4,NA,9.599839996,-19.79058374
Gnaper,JAC5,NA,7.982588843,-19.82333445
Xchhec,JAC8,NA,9.514397125,-18.54837858
Lchaur,JAD2,NA,7.744200744,-19.5656049
Gwcabe,JAD3,NA,8.881718381,-19.68083164
TelteS,JAD5,NA,7.267166316,-15.85765213
Xenspi,JAD6,NA,8.788344888,-17.30363576
Baicen,JAG3,M,8.207572117,-20.33080878
Regcal,JAG4,M,7.680851824,-19.32209579
Regcal,JAH6,M,5.763368428,-20.22323574
Gwcabe,JAI5,M,8.592126455,-19.66562782
Gwcabe,JAI6,M,8.790802527,-20.03231922
Gwcabe,JAI7,F,8.71242583,-19.71677215
Batvit,JAI8,F,8.629127741,-20.08169647
Lchaur,JCA1,NA,8.10198655,-20.13092278
Batvit,JCB5,F,8.655953485,-19.60496005
Gwcchr,JCB6,NA,8.752108534,-19.92108103
Simdia,JAE2,F,8.547509585,-16.12358186
Altfas,JAE3,NA,7.14363188,-18.12566522
Baicen,JCC6,M,8.398258273,-19.86275917
Baicen,JCC7,M,8.72804386,-20.08071261
Baicen,JCC8,M,8.015862743,-20.44558448
Baicen,JCC9,F,8.439135403,-19.17295695
Baicen,JCD1,NA,7.875774886,-19.95740699
Regcal,JCD3,M?,7.99571692,-19.30988601
Regcal,JCD4,M,6.42864083,-19.76784241
Regcal,JCD5,M,6.788902838,-19.63024757
Benmel,JCD6,M,6.120503239,-20.88625533
Benmel,JCD7,M,5.595230019,-21.17820585
Gwcabe,JCD8,NA,8.986285221,-19.94109695
Lchaur,JCD9,NA,8.493583175,-20.20684142
Lchaur,JCE1,NA,8.353939964,-19.75972772
Xencau,JCE2,NA,8.446305907,-20.94869312
Xencau,JCE3,NA,7.100859438,-19.99238809
Gwcchr,JCE4,NA,9.061166984,-19.94990266
Gwcchr,JCE6,NA,8.848146618,-19.82514713
Gwcchr,JCE7,NA,9.127371993,-19.80482407
Gwcchr,JCE8,NA,8.524321681,-19.52357372
Chando,KEG3,F,5.89381877,-15.02463743
Neospl,88-05-b,NA,5.911950851,-23.29328747
Lammel,88-11-a,NA,7.329448957,-20.09455588
Neonve,90-92-b,NA,7.056090348,-19.75193469
Neopec,93-60-8,NA,7.027263389,-21.07758688
Simbab,JUA1,M,6.322308555,-15.70601477
Tylpol,JCE9,M,6.676724322,-12.92060626
Oretan,JCF1,M,8.232148393,-24.09705677
Oretan,JCF4,NA,6.254960111,-18.35399367
Pleela,LBA9,F,6.289505485,-21.58585652
Batleo,LBB2,F,8.160858607,-20.39751402
Batvit,LBB3,M,8.857898865,-20.74794984
Batvit,LBB4,F,8.883644817,-19.80051698
Hemste,LBB5,M,7.865969639,-20.8167579
Hemste,LBB6,F,6.645890233,-21.71055403
Hemste,LBB7,F,6.24348099,-21.67265053
Tremac,LBC1,F,8.522698861,-20.00521543
Xensim,LBC2,F,6.851575127,-13.76437869
Xchhec,LBC3,NA,8.225578796,-19.79470324
Perecc,LBC4,NA,9.138087715,-19.95888907
Batvit,LBD3,M,9.141597463,-19.48957707
Xchhec,LBD4,M,6.334564792,-21.63170542
Hemste,LBD5,F,7.955701741,-20.74262944
Hemste,LBD6,F,6.860654423,-21.03457603
Tremar,LBD8,M,6.022432944,-16.79032751
Trenig,LBD9,M,6.98700919,-20.36610371
Trenig,LBE1,F,7.707909602,-19.57037748
Xensim,LBE2,M,5.91860629,-14.06358659
Xensim,LBE3,M,6.53340314,-15.39064964
Xensim,LBE4,M,5.4438303,-12.62555594
Xensim,LBE5,M,6.412589048,-15.58336975
Xensim,LBE6,M,6.480074871,-16.52283701
Xensim,LBE9,F,5.853371857,-14.22376735
Neogra,93-03-a,NA,6.189289282,-21.16505622
Xensim,LBF1,F,6.096300665,-14.8722283
Xensim,LBF2,F,6.063103044,-14.1940564
Baicen,LBF4,F,8.469485368,-19.99204504
Baicen,LBF5,M,7.925191937,-20.70721897
Plemul,LBF6,F,8.880573223,-19.87776692
Perecc,LBG2,M,9.263017735,-19.20830197
Bentri,LDA7,M,6.192251485,-22.06757781
Bentri,LDA8,M,6.495943838,-22.16680981
Bentri,LDA9,F,5.757911604,-21.96583212
Bentri,LDB2,M,6.724808818,-21.80110087
Bentri,LDB3,M,6.014631483,-22.24657383
Bentri,LDB4,M,6.372470019,-22.43493952
Bentri,LDB5,M,5.889721955,-22.21519845
Bentri,LDB6,M,6.431908447,-22.33622653
Bentri,LDB7,M,5.587157074,-22.12909675
Bentri,LDB8,F,5.886111309,-21.73198373
Perecc,LHI3,M,9.168767147,-19.52836317
Pleela,LHI4,M,6.613192618,-21.10109308
Pleela,LHI5,M,5.801455959,-21.67851804
Pleela,LHI6,F,6.172639369,-21.66487654
Pleela,LHI7,F,6.769588628,-21.17960198
Pleela,LIA1,F,6.191406722,-21.72650362
Pleela,LIA2,F,7.034831948,-20.65000179
Pleela,LIA3,M,6.618429315,-21.09638277
Neooli,94-86-a,NA,5.726064016,-22.08969451
Neooli,94-86-b,NA,5.554093484,-22.04075705
Neooli,95-04-a,NA,5.766819988,-21.99286061
Julunt,95-07-a,NA,6.463644696,-21.58469224
Julunt,95-07-b,NA,6.389091681,-21.3493646
Julunt,95-07-c,NA,5.759861653,-21.76795317
Neopec,95-15,NA,6.314538602,-21.62217765
Lammel,95-22-a,NA,5.504390954,-18.60424123
Lammel,95-22-b,NA,5.264824354,-18.64173561
XenpaK,95-27-a,NA,6.501418199,-18.93127174
XenpaK,95-27-b,NA,6.695255648,-18.68756192
XenpaK,95-27-c,NA,6.102807502,-18.79796098
Pleela,LIA4,M,6.638121578,-21.0528004
Batmin,LIA5,M,8.56567092,-20.1413024
Plemul,LJC1,F,9.375095921,-19.64962651
XenpaK,95-27-d,NA,5.280729211,-17.85745468
Cypzon,GPC9,M,7.133636789,-21.11408023
Cypzon,GPD1,F,7.456336092,-21.03772877
Xensun,GPD5,NA,7.282583067,-19.74902755
Xensun,GPD6,NA,7.231518346,-19.27848876
Xensun,GPD7,NA,7.311632491,-18.65814889
Pcynig,GPD8,M,7.148428406,-20.43775728
Pcynig,GPD9,M,7.241960246,-20.55738578
Pcynig,GPE1,M,6.970579389,-20.75626043
Pcynig,GPE2,NA,6.890152847,-21.12785107
Pcynig,GPE3,NA,6.928697842,-20.91627126
Pcynig,GPE4,NA,7.035244055,-21.12412355
Pcynig,GPE5,NA,6.975189419,-20.64692007
Pcynig,GPE6,F,6.441765714,-20.96738969
Pcynig,GPE7,F,6.854087603,-20.90477276
Pcynig,GPE8,F,6.957776331,-21.30653121
Gwcchr,GPF2,NA,8.398204619,-19.39708368
Tromoo,GPF3,NA,5.35963853,-13.89307322
Tromoo,GPF4,NA,5.260814667,-14.12446484
Limdar,GPF5,NA,5.974478831,-19.72438296
Petfas,GPF6,NA,4.131681381,-15.84668505
XenniS,LBG3,M,7.575388261,-22.52590836
XenniS,LBG4,M,7.165127823,-21.69728777
XenniS,LBG5,M,7.183509105,-22.18506861
XenniS,LBG6,F,7.426771308,-23.59682179
XenniS,LBG7,F,7.522684471,-20.31135943
XenniS,LBG8,M,7.450482125,-23.54366831
XenniS,LBH1,M,7.702109975,-23.16164759
XenniS,LBH2,F,7.284562087,-24.13338848
XenniS,LBH3,M,7.131351694,-23.55585183
Cypzon,LBI5,M,7.320146384,-21.36578566
Cypzon,LBI6,F,7.27223454,-21.50959892
Cypzon,LBI7,M,6.979336354,-22.04699238
Cypzon,LBI8,M,7.232829924,-21.51334806
Cypzon,LBI9,M,7.114412471,-22.16738013
Cypzon,LDA1,M,6.8975949,-22.29341083
Cypzon,LDA2,F,7.271211245,-21.45854408
Cypzon,LDA3,F,6.937259359,-21.9405708
Petmac,LDA4,M,5.294276996,-11.44530086
Petmac,LDA5,M,4.945514466,-12.05881572
Petmac,LDA6,M,4.946223315,-11.3225206
Tchdha,LJA7,M,7.533546029,-22.42869937
Tchdha,LJA8,F,7.632712281,-22.55582303
Tchdha,LJA9,M,7.538562323,-22.58886551
Petmac,LJB1,F,5.754732974,-12.14595025
Petmac,LJB2,F,5.145088279,-11.57719228
Petmac,LJB3,F,5.521486214,-12.21523385
Xenbat,IMF9,M,6.975539064,-18.31158883
Xennas,IMG1,F,7.91408474,-19.72489462
Xennas,IMG2,F,8.427042284,-20.14565561
Xennas,IMG3,M,9.047666077,-19.88048989
Xennas,IMG4,M,8.943253086,-19.88858807
Xennas,IMG5,NA,8.762210224,-20.05582569
Tromoo,IMG6,NA,4.943588523,-13.61729761
Chabri,IMG7,F,7.542627396,-18.20813283
Chabri,IMG8,M,7.021977725,-16.12558241
Neomod,IMG9,M,7.402954073,-14.63921691
Neomod,IMH1,M,7.303299393,-13.61449917
Neomod,IMH2,F,7.234609885,-12.52991872
Xenbat,IMH6,F,7.720684351,-18.63015955
Xennas,IMH7,F,8.896898196,-18.76913609
Xennas,IMH8,M,8.797952566,-19.30208768
Xennas,IMH9,M,8.91556594,-19.60573509
Xennas,IMI1,NA,8.569926846,-19.18001692
Lepmim,IMI2,F,7.462448553,-21.1245806
Batfas,IMI3,NA,7.421652515,-19.96598075
Plestr,IMI4,NA,9.2531064,-16.19588926
Altcal,IMI5,NA,6.762211187,-18.85853164
Lepken,IMI6,NA,8.074431338,-20.25867968
Lepken,IMI7,NA,7.440285779,-19.18298771
Gralem,IMI9,NA,7.272670754,-19.36592219
Gralem,JBC4,F,9.654442841,-20.58311045
Gralem,JBC5,M,8.991275225,-18.81124288
Gralem,JBC6,M,7.981485878,-23.9345887
Telbra,JBC7,M,4.754416932,-14.37617999
Telbra,JBC8,M,4.580231645,-11.8802811
Telbra,JBC9,M,4.94275947,-14.66766617
Simple,JBD2,NA,7.29098562,-15.8843794
Simple,JBD3,NA,8.297147257,-15.092798
Petfas,JBD4,M,4.535061455,-12.19880526
Telvit,JBD7,NA,9.002075575,-16.46842151
Telvit,JBD8,NA,5.981634144,-15.19709383
Telvit,JBD9,NA,6.041798297,-19.65448494
Telvit,JBE1,NA,5.820199556,-16.10284181
Telvit,JBE2,NA,6.512697343,-14.0848196
Telvit,JBE3,NA,6.961891147,-18.8871675
Leppro,JBE5,M,7.150862908,-19.77765404
Hapmic,JEA2,M,7.276624042,-19.10926566
Hapmic,JEA3,F,6.710922299,-18.89301594
Lamcal,JEA4,NA,6.878093981,-20.3550226
Lamcal,JEA5,NA,5.812114486,-18.96096015
Lamcal,JEA6,NA,6.69660823,-19.82317192
Lamcal,JEA7,NA,6.647746682,-20.27217663
Cyppav,JEC6,M,6.706606956,-21.58605687
Cypcol,JEC7,M,6.934782278,-21.90078153
Cypcol,JEC8,M,7.062172935,-21.52692968
Cypcol,JEC9,F,7.110878448,-21.69877887
Cypcol,JED1,F,6.790819183,-21.97554763
Leppro,JED3,M,7.904491208,-20.9865595
NeoveS,JED4,M,8.304917484,-22.22381852
NeoveS,JED5,F,7.551160346,-20.37990013
Petgia,LDC6,M,4.674159127,-12.69875178
Petgia,LDC7,M,4.541489181,-13.56246576
Petgia,LDC8,M,4.51283587,-12.80171617
Petgia,LDC9,M,4.19947218,-12.91725327
Lepmim,LDD1,M,7.665807093,-20.90813214
Lepmim,LDD2,M,7.256199913,-20.55861292
Lepmim,LDD3,M,7.220723579,-20.59447105
Lepmim,LDD4,M,7.163734936,-20.64979842
Lepmim,LDD5,M,7.341756651,-20.6659937
Lepmim,LDD6,F,7.212066494,-20.69299932
Chacya,LDD7,M,6.099827695,-20.50608597
Chacya,LDD8,M,5.857533486,-19.85273147
Chabif,LDD9,F,6.466619469,-16.29496259
Chabif,LDE1,M,6.756251093,-17.08704946
Chabif,LDE2,F,6.448641755,-14.65985713
Petkip,LDE3,M,4.089107923,-15.29073196
Petkip,LDE4,F,4.392177331,-14.40251392
Petkip,LDE5,F,3.844203023,-14.50142519
Petkip,LDE6,F,3.483888393,-14.92372061
Petkip,LDE7,M,3.216553667,-15.2235141
Petgia,LHD2,F,4.740242878,-13.37674582
Petgia,LHD3,M,4.333678405,-13.12498984
Petgia,LHD4,F,4.512611965,-12.58854581
Petgia,LHD5,F,4.430260931,-13.68856066
Petgia,LHD6,F,5.253892895,-12.39143785
Petgia,LHD7,F,4.260514828,-14.52898233
Oretan,LHD8,M,4.299252761,-13.83976709
Calmel,KHG2,M,10.50454867,-19.28321747
Xensun,GPG2,NA,7.37680801,-19.72179303
Xensun,GPG3,NA,7.072463663,-19.42569762
Xensun,GPG4,NA,7.028361925,-19.47949574
Xensun,GPG5,NA,7.10779981,-19.63590379
Xensun,GPG6,NA,6.96981003,-20.06266969
Xensun,GPG7,NA,7.287292436,-19.9846277
Xensun,GPG8,NA,7.140082682,-20.11052126
Neochr,GPG9,M,7.247857891,-17.72589034
Neocyl,GPH1,M,7.093202943,-19.62393419
Neocyl,GPH2,F,6.95108157,-19.65693751
Neocyl,GPH3,F,7.32715376,-19.74812213
Petfas,GPH4,NA,5.411806923,-14.77392416
Cunlon,IUH3,M,5.862600879,-14.02308425
Altfas,IUH4,M,6.546195186,-18.30637232
Petmac,LDC3,M,4.918058461,-11.62492683
Petmac,LDC4,M,5.223147872,-11.46099994
Petmac,LDC5,M,5.06280488,-11.11698657
Trolun,LCH8,M,4.501668402,-14.33196849
Batvit,KEE8,NA,8.398869331,-20.95136664
Neoobs,IMA3,NA,8.291584916,-20.25826538
Neocal,IMA4,F,6.966148588,-21.95248683
Plestr,IMA5,M,9.809966324,-19.16820135
Plestr,IMA6,M,9.284568205,-19.79700431
Plestr,IMA7,M,9.589757632,-19.63611928
Tromoo,IMA9,NA,7.064314205,-16.69157471
Simple,IMB1,NA,6.520939544,-13.95258809
TelteS,IMB2,NA,7.596099578,-19.1652719
Neomux,IMB6,F,6.831910841,-17.40722569
Neomux,IMB7,M,6.605706418,-15.76408268
Neomux,IMB8,M,6.932727337,-17.56384482
Neomux,IMB9,F,6.68397632,-17.38657882
Plestr,IMC1,F,8.565499354,-15.0614408
Plestr,IMC2,M,9.951713834,-19.43010922
Neomod,IMC6,NA,7.194973577,-13.13050549
Lepken,JBB8,F,7.635437221,-20.6721649
Lepken,IMD3,M,6.799068893,-19.29108005
Lepken,IMD4,F,6.345202986,-19.05031623
Lepken,IMD5,M,6.912048012,-19.81630056
Limdar,IMD6,F,7.45653723,-19.00141842
Neomod,IMD7,M,8.601982933,-16.57242165
Neomod,IMD8,M,7.451109186,-16.98454442
Neomod,IMD9,M,7.179417105,-14.16911688
Altcal,IME3,M,5.843994051,-18.99826859
Altcal,IME4,M,5.499502134,-17.63996894
Plestr,IME6,F,9.481617616,-18.94816184
Neomux,IME9,NA,7.162288702,-17.01254566
Chabri,IMF2,NA,6.069093043,-13.0604865
Altcom,IMF3,NA,5.563477995,-18.31719328
Lamcal,IMF4,NA,6.490512216,-19.91717513
Tromoo,IMF5,NA,5.472297455,-14.93059251
Neoobs,IMF6,NA,7.55845864,-20.53659005
Boumic,IME7,NA,7.632664221,-20.70060791
Boumic,IME8,NA,7.610949472,-20.97327207
Cyafoa,IMF1,M,4.982298311,-16.04611937
Lamsig,IWI4,M,6.464484629,-19.37351587
Lamsig,IWI5,F,6.697731905,-19.40659076
Petfas,IWI6,F,6.150185979,-13.74912132
Trioto,IWI7,F,6.63110236,-21.44404046
Trioto,IWI8,M,6.774503328,-21.03788719
Telbra,JBA8,M,7.68216063,-11.92744975
Plestr,JBA9,M,9.060073714,-18.1256291
Trioto,JBB1,F,6.407799167,-21.41883651
Trioto,JBB2,M,6.810469127,-20.73706597
Trioto,JBB3,M,6.612994813,-19.98450639
LamorS,JEE2,M,8.424870773,-19.13267255
Trioto,JEG5,F,6.491165779,-21.61626584
Trioto,JEG6,M,6.403600153,-21.08202072
Trioto,JEG7,F,6.183502771,-21.78638807
Lchaur,JEH2,NA,6.334390823,-18.88597729
Telbra,JEH4,NA,4.893576535,-11.93826857
Telbra,JEH5,NA,5.719054231,-10.86661351
LamorS,JEH6,NA,8.361499436,-19.90994025
Lamoce,JEH7,NA,6.389405061,-20.30165237
Simple,JEH8,M,7.358713727,-13.50624037
Loblab,JEH9,NA,7.037091903,-16.23520665
Altfas,JEI1,NA,7.017810787,-16.73504925
Altfas,JEI2,M,7.573296951,-15.34925515
Altfas,JEI3,M,7.709717563,-16.5007528
Pleela,JEF1,M,7.754778211,-20.739688
Neobue,IOA8,NA,6.249081662,-23.01843974
Neobue,IOA9,NA,6.566208078,-22.65459499
Julreg,IOB1,F,6.549574822,-18.75955015
Julreg,IOB2,F,6.697731905,-19.0903092
Julreg,IOB3,F,6.052047698,-19.96161789
Loblab,IOB7,NA,6.836643925,-18.94017745
Loblab,IOB8,NA,6.680853685,-16.60730316
Altfas,IOB9,M,5.856567281,-20.2517684
Lepken,IOC1,M,8.175301251,-20.05641293
Tromoo,IOC2,NA,5.419644742,-16.53740859
Altcal,IOC3,NA,6.086527903,-20.08068222
Altcal,IOC4,NA,6.129886724,-19.97477035
Altcal,IOC5,NA,6.619825797,-20.32536169
Neoobs,IOC6,NA,8.164202988,-20.6156023
Neoobs,IOC7,NA,7.50271296,-20.37177425
Neoobs,IOC8,NA,7.539220646,-20.7743664
Neoobs,IOC9,NA,7.535231949,-20.90016954
Gralem,IOD2,NA,6.366249851,-18.21277914
Gralem,IOD3,NA,7.248052642,-20.63955621
Neobue,IOA3,F,7.190450847,-21.79153618
Neobue,IOA4,F,7.037830373,-21.93035949
Neobue,IOA5,M,7.178925161,-21.95076082
Neobue,IOA6,F,7.12972467,-22.04915179
Neofur,JEI9,F,7.029916527,-19.53255841
Petkas,KEA1,F,4.001726894,-13.97791223
Petkas,KEA2,F,4.903037136,-14.28959451
Petkas,KEA3,M,4.477290819,-14.33194413
Petkas,KEA5,M,4.283848902,-14.11550147
Petkas,KEA6,M,4.216853895,-14.02350227
Petkas,KEA7,M,4.367905133,-14.50855937
Petkas,KEA9,M,4.188402245,-14.50286772
Petkas,KEB1,M,4.349535893,-13.59180282
Petkas,KEB2,M,4.30249591,-12.97498976
Petkas,KEB3,M,4.970124843,-14.1145583
Neotre,KFH7,F,6.052459275,-16.72899577
Neotre,KFH8,F,6.286904834,-16.63670135
Neotre,KFH9,F,6.384138335,-16.5142937
Neotre,KFI2,F,6.119170922,-17.11561479
Neotre,KFI3,F,6.088649492,-16.88430519
Neotre,KFI4,M,5.901155317,-16.64486797
Neotre,KFI5,M,6.165594418,-16.52782213
Neotre,KFI6,M,5.989974073,-16.72904649
Neotre,KFI7,F,6.309972897,-16.56197537
Neotre,KFI8,M,5.794486483,-16.66641458
JulreK,KFI9,F,6.896943198,-20.69748833
Trodub,KHA6,F,4.616422918,-14.74976719
JulreK,KHI3,F,6.217222635,-22.30036291
JulreK,KHI4,M,7.075037181,-20.98156056
Lamspe,KHI5,M,5.851478875,-19.36879942
Lamspe,KHI6,M,6.32651076,-20.41189981
Trodub,KHI7,F,4.589794596,-14.73514202
Pscmrg,LEI1,F,4.231298651,-14.49800681
Pscmrg,LEI2,F,4.659061481,-14.8542473
Pscmrg,LEI3,F,4.44567665,-14.29098231
Cphfro,LEI5,M,6.027463392,-21.34302523
TeldhS,IZG6,NA,7.731675317,-19.02130475
TeldhS,IZG7,NA,7.787517086,-19.29541241
TeldhS,IZG8,NA,7.505316715,-19.42837507
TeldhS,IZG9,NA,7.983960454,-18.74003756
TeldhS,IZH1,NA,7.185223714,-17.41245645
TeldhS,IZH2,NA,8.127657577,-18.87257404
TeldhS,IZH5,NA,8.108008512,-18.56095718
TeldhS,IZH6,NA,7.670669587,-19.20765195
Neolou,LCA3,M,5.967981519,-21.81000736
Neolou,LCA4,M,5.642484941,-21.83038797
Neolou,LCA5,M,5.831705892,-21.96693805
Neolou,LCA6,M,5.019476429,-22.45709172
Neolou,LCA7,M,5.997589237,-21.99954703
Neolou,LCA8,M,5.339980972,-22.07196808
Neolou,LCA9,M,4.870189495,-22.36458216
Neolou,LCB1,F,4.788503315,-22.04305409
Neolou,LCB2,M,4.894899521,-22.07571492
Neolou,LCB3,NA,4.834027112,-22.74540854
NeofaM,LCB6,M,5.894449145,-22.4397682
NeofaM,LCB7,M,6.440474286,-22.31035133
NeofaM,LCB8,M,5.720194361,-22.19723894
NeogrM,LCB9,M,6.153941279,-21.60964583
NeofaM,LCC1,M,6.076323715,-22.4030831
NeofaM,LCC2,M,5.798125973,-22.56714701
NeogrM,LCC3,F,5.488989689,-21.19649889
NeofaM,LCC4,M,5.691872738,-22.43117419
NeofaM,LCC5,F,5.511628304,-22.37727172
NeogrM,LCC6,F,6.275889666,-21.23820021
NeogrM,LCC7,M,6.45097938,-21.72570749
NeogrM,LCC9,F,6.157446896,-20.67917689
Petred,LCD1,M,4.185786302,-16.71689791
Petred,LCD2,M,4.156452576,-17.40114671
Petred,LCD3,M,4.929966644,-17.19490695
Petred,LCD4,M,4.858040901,-17.2265491
Petred,LCD5,F,4.709302931,-18.50968855
Neoleu,LEE8,M,6.194060567,-20.26016726
Neoleu,LEE9,F,5.882499505,-20.81071017
Neoleu,LEF1,F,5.955060038,-20.64186746
Lepkam,LFF7,M,7.309312813,-19.05544916
Lepkam,LFF8,F,7.526899724,-20.39709516
Lepkam,LFF9,M,7.533833665,-18.98173747
Lepkam,LFG1,F,7.739239768,-19.45042766
Lepkam,LFG2,F,7.921641142,-18.83729411
Lepkam,LFG3,F,8.060132622,-19.41004896
Lepkam,LFG4,M,7.495434718,-19.06493782
Lepkam,LFG5,M,7.682552532,-19.29082151
Lepkam,LFG6,F,7.664720894,-19.67259219
Lepkam,LFG7,M,7.512693686,-19.04378869
Julmrk,LFG8,M,6.403528445,-20.26617618
Julmrk,LFG9,M,6.556769142,-18.51955793
Julmrk,LFH1,F,6.333345659,-20.03086565
Julmrk,LFH2,F,6.383398696,-19.87479935
Julmrk,LFH3,M,6.451476512,-20.18771083
Julmrk,LFH4,M,6.402828003,-19.47337046
Julmrk,LFH5,M,6.312202531,-19.71793778
Neonig,KYA3,M,6.872083704,-21.1527327
Neonig,KYA4,M,7.417109393,-19.40815251
Neonig,KYA5,F,7.059420559,-19.30558909
Neonig,KYA6,F,7.508773821,-19.40329504
Neonig,KYA7,F,6.770990624,-20.55376065
Neonig,KYA8,M,6.875731289,-19.18396581
Neonig,KYA9,M,6.473735935,-21.23587438
Neonig,KYB1,F,6.998754135,-19.10789472
Neosex,INE1,M,7.112691488,-16.97417804
Neosex,INE2,M,6.748994409,-16.25304235
Neomux,INE3,M,7.154656626,-16.17576696
Neomux,INE4,NA,6.524312582,-16.50215515
Cphgib,INE5,M,6.731536887,-20.46533705
Lamlem,INE6,F,6.976027104,-15.65109492
Lamlem,INE7,M,8.963140196,-17.14389486
Asplep,INF4,M,4.998536374,-11.47617388
Asplep,INF5,M,4.889493675,-11.41049312
Asplep,INF6,F,5.068302847,-13.0776783
Asplep,INF7,M,5.112076919,-10.93670559
Asplep,INF8,F,5.214438597,-10.9718884
Asplep,INF9,F,4.842752461,-11.33966303
Asplep,ING1,M,4.878799729,-12.34531051
Asplep,ING2,F,4.74503023,-12.68035945
Asplep,ING3,F,4.642290346,-11.34883192
Permic,ING4,NA,9.043815917,-15.20985727
Permic,ING5,NA,8.443304482,-15.6276354
Chabri,ING6,M,6.476826646,-12.16876053
Neomod,ING7,NA,6.412551541,-12.51815259
Telbra,ING8,M,4.700822377,-12.22500665
Telbra,ING9,M,3.76066312,-12.19239767
Cypkan,INH1,M,7.294405563,-21.36356236
Cypkan,INH2,M,6.737093114,-21.72194531
Cypkan,INH3,M,6.803185734,-21.75597507
Cypkan,INH4,NA,6.663773305,-21.44889348
Cypkan,INH5,NA,6.840285291,-21.57969772
Cypkan,INH6,NA,7.085464507,-21.6760629
Neosex,INI2,M,6.94294903,-14.97375947
Neosex,INI3,M,6.962637496,-16.44402085
Neosex,INI4,F,6.984600203,-16.68839724
Neosex,INI5,F,6.98195086,-17.12773355
Neosex,INI6,M,6.908408604,-16.55879475
Plestr,INI8,M,9.489057939,-18.86925235
Pethor,JBF8,F,3.545724393,-14.09431487
Pethor,JBF9,F,4.39090728,-15.43629123
Cphgib,JBG1,NA,6.44815657,-20.56662922
Troluk,KEI5,M,5.053272307,-14.8213014
Troluk,KEI6,F,4.498102467,-14.63047334
Troluk,KEI7,F,4.213267674,-15.10490975
Troluk,KEI8,F,4.091746874,-17.26694761
Plepar,KEI9,M,9.217513821,-15.61229572
Plepar,LEA1,M,9.482866914,-16.38570388
Plepar,LEA2,M,8.931104292,-14.49418117
XenspN,LEA5,M?,6.509156281,-15.7470675
XenspN,LEA6,F?,6.559991392,-16.79338079
XenspN,LEA7,F?,6.714910834,-16.05836121
XenspN,LEA8,M?,6.208833444,-16.26305789
XenspN,LEA9,M?,6.298906672,-16.81801989
XenspN,LEB1,F?,6.356775678,-16.15891914
XenspN,LEB2,F?,6.196661595,-18.42262664
XenspN,LEB3,M?,5.995543148,-16.28176315
Plepar,LEC6,NA,8.482704636,-18.51197799
Neopro,GPC8,NA,8.930371731,-18.40646215
Batmin,JEF4,NA,7.356451176,-20.35965226
Batmin,JEF5,NA,7.171359609,-19.97160022
Batmin,JEF6,NA,7.113644543,-19.46187572
Batmin,JEF8,NA,6.798980624,-19.47958893
Batmin,JEF9,NA,6.854761656,-19.56391331
Batmin,JEG2,NA,6.678600952,-19.36666686
Batfas,JEG4,NA,7.298680365,-19.93004247
Neocra,IVG3,NA,6.343985784,-22.82810764
Neocra,IVG5,NA,6.063190011,-22.74721057
Neocra,IVG6,NA,6.047183586,-22.91524765
Loblab,IVG8,NA,7.486569131,-17.81788084
Loblab,IVG9,NA,7.878663257,-16.72494104
Neopro,IVH3,NA,7.377678384,-20.04920846
Neocra,IVF9,NA,5.888417762,-23.49758737
Neocra,IVG1,M,5.710906164,-23.51798869
Neocra,IVG2,M,6.485231144,-22.82785808
Neocra,IVG4,M,5.940872846,-23.08386616
Neocra,IVG7,F,6.267023537,-22.62190656
Neocra,IVF8,NA,6.193658709,-23.30022683
Mdcrot,IVI8,NA,5.470619477,-23.50823625
Mdcrot,IVI9,NA,5.397363739,-23.84987993
Mdcrot,IWA1,NA,5.618896866,-23.5905403
Mdcrot,IWA2,NA,5.427569515,-23.69130459
Mdcrot,IWA3,NA,5.687943067,-23.23403017
Mdcrot,IWA4,NA,5.676825467,-23.52374139
Neoobs,IWA8,M,7.358500634,-20.7023861
Neoobs,IWA9,M,7.445127905,-20.25577659
Neoobs,IWB1,M,7.293348252,-20.96417992
Neoobs,IWB2,F,6.527455517,-21.37464497
Neofur,IWC4,NA,6.864894394,-18.3325886
Neofur,IWC5,NA,6.870780856,-19.76102501
Pettre,IWC9,M,4.260704319,-15.39754408
Pettre,IWD1,F,4.620430499,-15.31197326
Pettre,IWD2,F,4.498031548,-16.84250528
Pettre,IWD3,F,5.145909619,-15.95467016
Pettre,IWD4,F,4.655765506,-16.98868344
Xenpap,IVH5,F,7.135187573,-19.31706198
Xenpap,IVH6,NA,6.948070616,-20.5052938
Xenpap,IVH8,NA,6.495891275,-19.44166624
Xenpap,IVH9,NA,7.065992318,-21.13193293
Xenpap,IVI1,NA,7.390104003,-20.12290248
Neotoa,KCC9,NA,6.803604603,-18.23831997
Xenpap,IVI2,NA,6.729262351,-18.93542307
Xenpap,IVI3,NA,6.818862778,-20.93410962
Xenpap,IVI4,NA,6.309430514,-20.00009277
Xenpap,IVI5,NA,6.356716554,-20.98790774
Plestr,IWB3,NA,9.313210839,-20.88402043
Pethor,IWB6,F,3.726726059,-17.04429494
Pethor,IWB7,F,4.462220886,-17.12290368
Pethor,IWB8,F,4.205766542,-18.63595261
Pethor,IWB9,F,3.736277179,-19.1497299
Pethor,IWC1,F,4.121035552,-19.91392328
Pethor,IWC2,F,4.04473835,-16.86164937
Gnapfe,IWC7,NA,5.844079372,-19.5115574
Lamlem,ILA1,NA,6.48550691,-18.32231693
Neocal,ILA2,M,6.873988444,-21.5939729
Neocal,ILA3,M,6.951270825,-21.59295387
Neocal,ILA4,M,7.011887147,-21.40545226
Neocal,ILA5,M,6.674371545,-21.15782785
Neocal,ILA6,M,6.950544778,-21.49308888
Neocal,ILA9,M,7.049425737,-21.86778777
Neocal,ILB1,M,6.934437581,-21.40527295
Neolap,ILB2,M,6.945061707,-17.98425358
Neolap,ILB3,F,6.009555902,-17.85435733
Lepatt,JDE8,NA,7.378340187,-20.35531602
Lepatt,JDE9,NA,6.946003121,-19.07403649
Gwcabe,JDF1,NA,8.536235651,-20.09898622
Boumic,JDF2,NA,7.710734005,-19.49284956
Neomee,JDF7,F,6.735647458,-19.52052807
Neomee,JDF8,NA,6.954282621,-19.6350674
Neomee,JDF9,M,7.151133527,-19.83611244
Neomee,JDG1,F,7.256013192,-19.43400639
Neomee,JDG2,NA,6.650746168,-19.7755539
Neomee,JDG6,NA,6.762967253,-19.9404702
Neomee,JDG7,NA,7.028517661,-19.8143494
Neomee,JDG8,NA,6.799166972,-19.7494926
Neomee,JDG9,NA,6.727433569,-18.62808936
Neomee,JDH1,F,7.232872514,-19.66639047
LamorS,JDH4,M,7.070713355,-19.04746281
LamorS,JDH5,F,7.104163085,-18.66238831
LamorS,JDH6,F,7.222288476,-18.36986536
Neolap,JDH7,F,6.055163459,-17.38861201
Neolap,JDH8,F,6.074897539,-17.30439605
Lepatt,JDI6,M,7.935173658,-20.30100949
Lepatt,JDI7,M,7.951272214,-20.3266719
Lepatt,JDI8,M,7.64452806,-20.53918972
Lepatt,JDI9,F,7.502637134,-20.76951234
Chando,KEF4,F,6.987348727,-16.60496392
Chando,KEF5,M,7.327037302,-17.60949355
Chando,KEF6,M,7.405478885,-18.19778281
Chando,KEF7,F,5.985011257,-14.11239919
Chando,KEF8,F,5.785651821,-15.13654704
Chando,KEF9,M,6.413299476,-15.55772614
Chando,KEG1,F,5.963935726,-15.12764827
Chando,KEG2,F,6.662428661,-16.50830063
Chando,KEG4,F,6.288257719,-13.97534754
Troluk,KEG5,F,4.544602056,-16.22157097
Troluk,KEG6,M,5.272191067,-13.28027123
Troluk,KEG7,M,4.498771447,-14.13651166
Troluk,KEG8,F,4.363483537,-14.30407994
Troluk,KEG9,F,3.808077518,-15.05208669
XenspN,KEH2,M?,6.311524954,-15.72745242
Simbab,JUA2,M,8.814265788,-15.91185893
Simbab,JUA5,M,6.117070774,-14.25491537
Simbab,JUA6,F,6.119985072,-15.73796455
Simbab,JUA9,M,7.04988365,-16.32354724
Simbab,JUB1,F,8.813479977,-16.02901765
Simbab,JUB2,F,7.363531644,-17.30451035
Simbab,JUB3,F,7.562020595,-15.13271577
Simbab,JUB4,F,6.372070587,-16.51653935
Simbab,JUB5,M,6.555479767,-18.26887643
Spaery,JUC1,M,5.870974801,-13.34814174
Spaery,JUC2,F,6.293724629,-14.21967766
Spaery,JUC3,M,5.746522467,-13.67886667
Spaery,JUC4,M,5.552764787,-12.85818738
Spaery,JUC5,M,5.856197643,-13.3008968
Spaery,JUC6,F,6.343812466,-14.85162356
Spaery,JUC7,M,5.868347154,-13.38118368
Spaery,JUC8,M,6.775942793,-13.81199075
Spaery,JUC9,F,5.670451904,-14.98149468
Spaery,JUD1,F,5.615354016,-14.66956189
TeldhN,JUD7,NA,6.665695822,-20.74368271
TeldhN,JUD8,NA,7.104452583,-21.22132553
TeldhN,JUE5,NA,6.579938818,-21.28780686
TeldhN,JUE6,NA,6.533071619,-20.57185403
TeldhN,JUE7,NA,6.651735379,-20.52582849
TeldhN,JUF5,NA,6.867727181,-21.2674798
TeldhN,JUF6,NA,7.279489603,-21.62659316
TeldhN,JUF7,NA,6.828360168,-21.20352593
TeldhN,JUF8,NA,6.671756607,-20.8579629
Neobre,ILC2,M,6.478632684,-21.50429821
Neobre,ILC3,M,6.71782621,-21.12419984
Neobre,ILC4,M,6.059836895,-21.52264076
Neobre,ILC5,M,6.044170286,-21.49206985
Neobre,ILC6,M,5.93155688,-22.09839299
Neobre,ILC7,M,6.777031371,-21.89624215
Neobre,ILC8,F,6.769822182,-21.47745355
Neobre,ILC9,F,6.3484616,-21.78062586
Neobre,ILD1,F,6.47897029,-21.57029015
Neobre,ILD2,F,5.761215795,-22.09614364
Lamoce,ILD4,M,6.535740514,-19.8484149
Lamoce,ILD5,M,6.752585981,-19.69223739
Lamoce,ILD6,M,5.88708553,-18.74764326
LamorS,ILD7,M,6.831896909,-19.32159495
Neomod,ILE4,M,7.723795702,-14.65411294
Neokom,ILE7,M?,6.703818424,-18.78439293
Neokom,ILE8,M?,6.144974809,-20.44764848
Neokom,ILE9,NA,6.215378805,-19.32397295
Neokom,ILF1,NA,6.790574794,-19.18380209
Neokom,ILF2,NA,6.449777424,-20.14656146
Neokom,ILF3,NA,6.404471032,-18.34908854
Neokom,ILF4,NA,6.415333169,-19.38201571
Neokom,ILF5,NA,6.600258576,-18.99765469
Neokom,ILF6,NA,6.527277033,-19.2313037
Neomux,ILI7,NA,6.26149297,-17.11949406
Neosex,ILI8,NA,6.228416635,-18.84545572
Neokom,INA2,NA,6.686413227,-18.74056474
Julkom,INA4,M,6.887068551,-19.7751008
Julkom,INA5,NA,6.49517899,-20.05227683
Neolap,JBG6,M,6.493069389,-18.41357876
Neolap,JBG7,M,6.868188321,-19.43362828
Neolap,JBG8,M,6.72559137,-18.26887643
Neolap,JBH1,M,6.420083823,-18.31982796
Neolap,JBH2,M,6.380430378,-18.43090228
Neolap,JBH3,F,6.251288825,-18.23061249
Gwcabe,ILH2,NA,9.053827102,-19.80136264
Gralem,ILH3,M,7.432497521,-18.27279778
Benhor,ILH4,M,6.944244286,-20.18627992
Benhor,ILH5,M,6.677904691,-20.5572734
Benhor,ILH6,M,6.827349887,-21.04151649
Benhor,ILH7,M,6.713461161,-21.70188208
Benhor,ILH8,M,7.014191907,-20.62001548
Benhor,ILH9,M,6.586055352,-20.85304255
Benhor,ILI1,F,6.905529722,-20.68089814
Benhor,ILI3,F,6.888426911,-20.33623498
Boumic,ILI5,NA,6.714605154,-20.6605646
Boumic,ILI6,NA,7.426111235,-20.21024321
Altcal,IOB5,NA,5.778177078,-18.50888944
Altcal,IOB6,NA,6.118031846,-17.84719083
Chabif,LDH9,F,6.2912506,-17.08817649
Chabif,LDI1,F,6.414436134,-14.11485834
Chabif,LDI2,M,6.84807689,-16.08871396
Neocyg,LDI3,F,6.183263892,-19.31477661
Julmrk,LDI4,M,6.64767883,-21.09331392
Trompi,LDI5,M,5.257074294,-15.34745443
Trompi,LDI6,M,4.611563944,-10.46492984
Trompi,LDI7,F,4.781515691,-10.25450228
Trompi,LDI8,F,4.663913678,-10.9605576
Trompi,LDI9,F,4.329882666,-9.702727151
Trompi,LFA1,M,4.378317531,-12.37079318
Trompi,LFA2,F,4.264657371,-14.95489147
Trompi,LFA3,F,4.844763699,-11.85679017
Trompi,LFA4,M,3.954872055,-9.500481881
Trompi,LFA5,M,5.025136492,-12.56177168
Petiko,LFA6,M,3.427039057,-11.63431824
Petiko,LFA7,M,3.533362697,-11.59902392
Petiko,LFA8,F,3.234108763,-11.86473606
Petiko,LFA9,F,4.232258968,-10.86246295
Trezeb,LFC9,M,6.589358695,-19.54266454
Neocyg,LFD2,M,6.846103089,-18.65387163
Neocyg,LFD3,M,6.790203585,-17.16842238
Neocyg,LFD4,F,6.909539196,-18.47199721
Neocyg,LFD5,M,6.77308708,-17.63442702
Neocyg,LFD6,F,6.113351748,-17.86522952
Neocyg,LFD7,M,6.78083147,-18.81610127
Neocyg,LFD8,F,6.7551261,-17.72665986
Trezeb,LFE4,F,6.356811108,-19.22880315
Trezeb,LFE5,F,7.309613014,-19.32459201
Trezeb,LFE6,F,6.784226134,-20.00122825
Trezeb,LFE7,F,7.727758422,-18.99686734
Trezeb,LFE8,F,6.42864083,-20.01676885
Trezeb,LFE9,F,6.622170247,-19.54411856
Trezeb,LFF2,F,7.357576967,-19.43803183
Trezeb,LFF3,F,7.13229128,-19.90228444
Trezeb,LFF5,M,5.144775434,-17.10921975
Julmrk,LFF6,F,6.655687322,-21.47466089
Mdcten,LHG8,M,6.218036554,-21.86505634
Mdcten,LHG9,M,6.291573177,-22.15943277
Mdcten,LHH1,F,6.32031168,-22.14589609
Mdcten,LHH2,M,6.251137068,-21.97833226
Mdcten,LHH3,F,6.304212923,-22.08482772
Mdcten,LHH4,M,6.159713157,-22.12336017
Mdcten,LHH5,F,6.552142263,-21.9637848
Mdcten,LHH6,M,6.239802429,-22.06899998
Mdcten,LHH7,M,6.260014131,-22.19953959
Mdcten,LHH8,F,6.152905689,-21.87112707
Tylpol,LHF3,M,5.687269155,-16.1603566
Neobif,LHF4,F,7.480723438,-20.49590717
Neobif,LHF5,M,7.065737759,-20.40884045
Neobif,LHF6,M,7.619758512,-20.13268319
Neobif,LHF7,F,8.234726675,-20.39553191
Neobif,LHF8,M,7.809304078,-19.96556219
Neobif,LHF9,M,7.22594901,-19.92480097
Neobif,LHG1,M,7.349206162,-20.27534745
Neobif,LHG2,F,7.260830907,-20.2324067
Neobif,LHG3,M,7.404312504,-20.3861188
Batfas,GPB2,F,7.9,-20.8
Batfas,GPB3,NA,7.8,-20.1
Neotet,IPI5,NA,6.884324414,-16.96742283
Tromoo,JBH6,M,5.765385259,-15.05291123
Tromoo,JBH7,M,6.026799794,-14.92749306
Tromoo,JBH9,NA,6.057510579,-14.68121643
Tromoo,JBI1,NA,5.716933897,-15.02148436
Julorn,JBI2,NA,6.764416093,-17.33165606
Julorn,JBI3,NA,6.66070995,-20.48184853
Julorn,JBI4,NA,7.31186487,-18.79526821
Julorn,JBI5,NA,7.37668121,-19.97454481
Julorn,JBI6,NA,6.727520638,-19.87328862
Boumic,JBI7,NA,8.052205877,-19.63547684
Boumic,JBI8,NA,7.730316536,-19.59268866
Cphgib,JED6,M,7.5105376,-19.68095045
Hapmic,JED7,M,7.470693428,-19.21037161
Hapmic,JED8,F,7.281583666,-19.48586201
Hapmic,JED9,M,7.33774796,-20.00304317
Lepken,JEE1,M,7.828612201,-20.83918048
Lamcal,JEE3,F,6.627657602,-17.80754386
Lamcal,JEE4,F,6.854898596,-18.81846714
Lamcal,JEE5,F,6.385400818,-20.49802137
Lamcal,JEE6,F,8.34748452,-17.66075796
Xenoch,JVH5,M,8.371126422,-18.41027283
Xenoch,JVH6,M,7.835035598,-18.32123789
Xenoch,JVH7,M,7.972053266,-18.35883812
Xenoch,JVH9,M,7.381742845,-18.32982458
Xenoch,JVI1,M,8.232855298,-19.07905454
Xenoch,JVI3,M,7.558300085,-18.39694744
Xenoch,JVI4,F,7.761224635,-18.56866161
Xenoch,JVI6,F,7.731124388,-18.44761869
Xenoch,JVI7,F,8.763137167,-19.32581263
Xenoch,JVI8,F,7.43389867,-18.78291489
Lepken,JBB6,M,8.627622033,-20.37404983
Petfas,JBB9,NA,6.884048682,-13.839596
Psccur,JBC1,F,4.505143841,-8.745220298
Psccur,JBC2,M,5.203843569,-8.985095301
Psccur,JBC3,F,4.724918082,-8.267855006
Cphgib,JEA8,NA,7.482417069,-19.87692445
Cphgib,JEA9,NA,7.745965922,-20.57172305
Cphgib,JEB1,NA,8.14649801,-20.81383851
Cyppav,JEB6,M,6.622987877,-21.60506444
Cyppav,JEB7,M,6.594548897,-21.66983021
Cyppav,JEB8,M,6.730997735,-21.74163685
Cyppav,JEB9,F,6.695240874,-21.56966333
Cyppav,JEC1,F,6.753280067,-21.35056317
Cyppav,JEC2,M,6.663086717,-21.53749656
Cyppav,JEC3,M,6.790610424,-21.45088185
Cyppav,JEC4,M,6.9291315,-21.53698313
Cyppav,JEC5,M,6.847045095,-21.17617193
Tremar,GPA5,F,6.242058096,-15.35863746
Tremar,GPA7,M,6.261458035,-18.42607267
Tremar,GPA8,M,6.316297716,-16.3378049
Tremar,GPA9,F,5.7329228,-12.87112301
Tremar,GPB1,M,5.8,-14.3
Tylpol,GPB4,M,7.140002062,-17.71147937
Tylpol,GPB5,F,6.917921821,-17.80667893
Limdar,GPB6,F,5.103043849,-16.56291962
Limdar,GPB7,F,7.530615922,-18.88978739
Limdar,GPB8,F,8.087207591,-20.11871683
Limdar,GPB9,F,6.937986743,-18.16623297
Limdar,GPC1,M,7.702201379,-19.60480291
Limdar,GPC2,M,7.748949777,-19.25271684
Limdar,GPC3,M,7.100850271,-18.44517175
Neopro,LBF9,M,7.561965563,-17.5597063
Neopro,LBG1,F,8.181093869,-17.74313824
Plemul,LIA6,F,9.384929064,-19.22830582
Perecc,LIA7,F?,9.917047411,-18.67753644
Perecc,LIA8,M,9.606051678,-19.0453658
Perecc,LIA9,M,9.023873723,-19.45378736
Perecc,LIB1,M,8.839643743,-19.78185348
Perecc,LIB2,M,9.130890454,-19.48046553
Oretan,LIB3,M,4.629632888,-15.70546854
Oretan,LIB4,F,5.435181079,-21.76013482
Oretan,LIB5,NA,4.697048959,-16.71773022
Tylpol,LIC8,M,6.820888613,-20.00323326
Tylpol,LIC9,M,6.190315362,-17.18853072
Tylpol,LID1,M,6.73103604,-16.88025442
Tylpol,LJA1,F,6.576517203,-17.37174773
Petiko,LFB1,F,4.630136277,-10.52393399
Petiko,LFB2,M,4.764947805,-11.46692917
Petiko,LFB3,F,4.498349724,-11.56490291
Petiko,LFB4,F,4.846793273,-11.74783806
Petiko,LFB5,M,4.484898481,-11.0856248
Petiko,LFB6,M,4.927804755,-10.85261044
Neoese,LFB7,M,6.987479723,-13.01866527
Neoese,LFB8,M,7.166250384,-12.98969127
Neoese,LFB9,F,7.344644484,-16.85090146
Neoese,LFC1,F,7.155402739,-14.90077859
Neoese,LFC2,F,5.881553484,-8.615219994
Neoese,LFC3,F,6.728325598,-13.74726169
Neoese,LFC4,M,7.197861234,-12.19533927
Neoese,LFC5,M,6.567177815,-10.99144816
Neoese,LFC6,M,7.04230705,-14.48087534
Neoese,LFC7,M,6.817353454,-16.12942419
Neocyg,LFC8,M,7.421098101,-15.34668936
Plemul,LCH5,M,8.465941888,-20.21734964
Plemul,LCH6,M,8.513191057,-20.09235952
Plemul,LCH7,M,8.646088343,-19.74071868
Chacya,LGC7,M,5.738471877,-19.86867206
Chacya,LGC8,M,5.560462123,-20.93000254
Leppro,LGC9,F,7.787764902,-18.4613968
Leppro,LGD1,F,7.511108999,-19.15926766
Petkip,LGD2,M,3.590749285,-14.36541609
Petkip,LGD3,F,3.900910945,-13.61926619
Petkip,LGD4,M,3.667198726,-13.90172836
Lepmim,LGD5,M,7.281552921,-20.73545676
Oretan,LGD7,F,5.189046931,-18.07351165
Oretan,LGD8,F,5.267452664,-17.87811514
Oretan,LGD9,F,5.233708435,-17.47470413
Neochi,KHB2,F,6.257341471,-18.3398769
Neochi,KHB3,F,6.235364286,-19.09756248
Neochi,KHB4,M,5.747358711,-20.04528679
Neochi,KHB5,F,6.699888552,-19.42597249
Neochi,KHB6,F,6.030282689,-19.10639759
Neochi,KHB7,M,6.156564083,-19.34405626
Neochi,KHB8,M,6.01403624,-19.96375837
Neochi,KHB9,M,5.476687221,-20.18951278
Neochi,KHC1,F,5.869981776,-18.55170854
Neochi,KHC2,F,7.165555292,-18.75453192
JulreK,KHC3,F,6.159666626,-17.23636511
EctspN,KHC8,M,7.072747738,-18.62719406
EctspN,KHC9,M,7.006317848,-18.42374207
EctspN,KHD1,F,7.14301853,-18.51744948
EctspN,KHD2,F,6.910181367,-19.08667404
EctspN,KHD3,F,7.038418601,-20.18594767
EctspN,KHD4,F,6.856016456,-18.15272219
EctspN,KHD5,M,7.214484911,-20.3418946
EctspN,KHD6,F,6.970238834,-18.82712
EctspN,KHD7,F,6.76298839,-18.87248326
EctspN,KHD8,F,6.272648019,-20.61623598
Trodub,KHD9,F,4.580360014,-13.57480968
Trodub,KHE1,M,4.547310386,-16.03731218
Trodub,KHE2,F,4.31901179,-13.65850598
Pscmrg,KHE3,F,4.594549859,-13.46599546
Pscmrg,KHE4,M,4.576480568,-11.93236104
Pscmrg,KHE5,M,4.65913439,-13.4641602
Mdcrot,JBF2,NA,6.778845697,-22.85886153
Mdcrot,JBF3,NA,6.702643499,-22.95324305
Mdcrot,JBF4,NA,6.745551021,-22.90945547
Mdcrot,JBF5,NA,6.978478764,-22.85550273
Limdar,JBF6,NA,6.616434218,-18.3436453
Xensin,IRD9,M,6.609964381,-15.86614211
Xensin,IRE1,F,5.847983107,-16.45471434
Xensin,IRE2,M,6.507630334,-15.88901147
Xensin,IRE3,F,5.994901698,-16.47293435
Ectdes,IRE5,M,6.181189957,-17.33717166
Ectdes,IRE6,F,6.131756,-16.46317525
Ectdes,IRE7,M,5.368492824,-16.54216469
Ectdes,IRE8,F,6.007441209,-17.23742985
Ectdes,IRE9,F,6.176986418,-17.67613645
Ectdes,IRF1,F,6.227180124,-18.48582579
Ectdes,IRF2,F,5.796022316,-17.30440506
Ectdes,IRF3,F,5.33428685,-20.39690869
Ectdes,IRF4,M,5.398039971,-20.11916084
Ectdes,IRF5,F,5.580550523,-18.22410815
Xensin,LJB4,M,5.868215372,-13.82537439
Xensin,LJB5,M,5.902964834,-16.30403435
Xensin,LJB6,M,6.198582169,-16.39404629
Xensin,LJB7,M,5.664769522,-17.52596932
Xensin,LJB8,F,6.009709185,-16.88345285
Xensin,LJB9,F,6.245637248,-16.42797563
Xchhec,IRD2,NA,6.039015397,-21.28251865
Xchhec,IRD3,NA,6.135566182,-20.27715008
Gralem,IRD4,F,6.652317452,-17.98402945
Lepcun,IRD5,M,8.434683309,-18.3564914
Lepcun,IRD6,NA,7.726689444,-19.83442261
Lchaur,IWF3,NA,5.909608474,-20.90802428
Gralem,IWG6,NA,6.868243387,-18.40072437
Lepcun,IWG7,NA,7.993509189,-19.52854545
Batfer,LCD6,M,7.224532232,-21.03287453
Batfer,LCD7,F,7.517378692,-20.90485963
Batfer,LCD8,M,7.237720243,-20.78660653
Batfer,LCD9,F,7.160745518,-20.88652184
Batfer,LCE1,M,7.24690069,-19.47620014
Batfer,LCE2,F,7.272761222,-20.41075798
Batfer,LCE3,F,7.574444245,-20.59719221
Batfer,LCE4,F,7.076313229,-20.9690419
Batfer,LCE5,M,7.188954436,-20.19408436
Batfer,LCE6,NA,7.032822858,-21.34660227
Petred,LCE7,F,4.538427796,-18.31455338
Petred,LCE8,F,4.424212962,-16.43811584
Petred,LCE9,M,5.169500703,-16.71343137
Trokir,LCF1,M,4.520794299,-14.19623713
Trokir,LCF2,M,4.59561736,-15.33279899
Trokir,LCF3,F,4.70640856,-15.31725543
Trokir,LCF4,F,4.519628413,-14.01563754
Trokir,LCF5,M,4.839891064,-15.7449059
Petmos,LCF6,M,4.447252436,-12.75237645
Petmos,LCF7,M,4.171142212,-14.06011754
Petmos,LCF8,F,4.391977657,-13.13993351
Petmos,LCF9,F,4.277296745,-12.62278175
Petmos,LCG1,M,4.299981146,-15.02688504
Petmos,LCG2,F,4.259716056,-12.63880939
Petmos,LCG3,F,4.151995263,-13.35842035
Petmos,LCG4,F,4.224138577,-13.26543411
Petmos,LCG5,F,4.303199603,-13.19146711
Petmos,LCG6,F,4.591771106,-12.91038717
BenhoM,LEF2,M,6.815838803,-21.28243026
Trokir,LEF3,M,4.680713985,-14.20370722
Trokir,LEF4,M,4.51465018,-15.98073896
Trokir,LEF5,F,4.578923786,-13.73775233
Trokir,LEF6,M,4.371517676,-15.27249112
Trokir,LEF7,F,4.672807959,-14.71401199
Pettex,LFH6,M,3.79312207,-10.34537423
Pettex,LFH7,M,4.152702425,-9.238265486
Julmrk,LFH8,F,6.852896472,-18.97040988
TrobrK,LFH9,F,4.738749864,-14.55341782
TrobrK,LFI1,M,4.491582709,-13.68377389
Pettex,LFI2,M,3.743237553,-9.87657352
Pettex,LFI3,M,3.64860997,-10.2234693
Ophboo,LFI4,M,6.000023815,-12.49586982
Ophboo,LFI5,M,5.896438794,-12.6648658
Ophboo,LFI6,F,4.67721525,-11.85678039
Ophboo,LFI7,F,6.454360149,-15.02599555
Ophboo,LFI8,M,5.191161745,-12.55996352
Ophboo,LFI9,M,5.924540504,-13.47408555
Ophboo,LGA1,M,5.729141469,-14.17485254
Ophboo,LGA2,M,5.606724973,-13.60260112
Ophboo,LGA3,F,6.558033166,-13.57836356
Ophboo,LGA4,F,6.631936638,-13.57192269
TrobrK,LGA5,M,4.448079534,-13.87062476
TrobrK,LGA6,F,4.140136076,-14.27555306
TrobrK,LGA7,F,4.551252622,-13.89518641
TrobrK,LGA8,F,4.626360026,-11.4942914
TelteS,IYH6,NA,5.894993436,-15.03963229
TrobrK,LGA9,F,4.821045707,-14.6062481
TrobrK,LGB1,M,4.020145193,-10.36759459
TrobrK,LGB2,M,4.897488763,-13.4240107
TrobrK,LGB3,F,4.64612511,-12.78675158
Petkip,LGB4,F,2.968696236,-14.50446407
Petrai,LGB5,M,4.545378206,-8.772442633
Petrai,LGB6,M,4.906963893,-9.480037498
Petrai,LGB7,M,3.88549551,-10.56000124
Petrai,LGB8,F,4.828951705,-9.274603217
Petrai,LGB9,M,3.993406567,-10.18651776
Petrai,LGC1,M,4.45726424,-10.26136084
Petrai,LGC2,F,4.604618422,-8.645595292
Petrai,LGC3,M,4.669843199,-8.92574693
Petrai,LGC4,M,4.40004916,-9.254517907
Petrai,LGC5,F,4.382260482,-8.504987706
JulreK,KHE7,F,6.981032416,-21.6317441
JulreK,KHE8,F,6.612310293,-22.15453341
JulreK,KHE9,F,6.871247067,-21.77132232
JulreK,KHF1,F,7.064120587,-21.97277439
JulreK,KHF2,F,6.751789231,-22.05751406
JulreK,KHF3,F,6.515926187,-20.90875533
Trodub,KHF6,F,4.518640156,-14.62632186
Trodub,KHF7,F,4.46428599,-14.96123032
Trodub,KHF8,F,4.433649976,-14.57560911
Trodub,KHF9,M,4.499194377,-14.89085981
Trodub,KHG1,M,4.523396992,-14.82760292
Cphfro,KHI1,M,6.973439235,-20.91063457
Cphfro,KHI2,M,7.404434107,-20.91864054
Neonig,KYA1,M,8.049787805,-20.74613954
Neonig,KYA2,M,7.572374598,-17.42104307
Telbif,KYB2,M,5.83425354,-21.01686269
Telbif,KYB3,M,5.992787365,-19.94713921
Cphfro,KYB4,F,7.432365202,-20.55954883
Cphfro,KYB5,F,7.377564246,-21.1036646
Cphfro,KYB6,F,7.128957728,-20.48318358
Cphfro,LEI6,F,7.051521026,-19.25032421
Cphfro,LEI7,F,7.539259782,-20.96090827
Cphfro,LEI8,F,7.375006012,-20.77940243
Cphfro,LEI9,M,5.499328484,-21.09434655
Lamoce,IOB4,M,6.159161135,-19.14715768
Enamel,IVB1,M,6.25444736,-19.92257636
Enamel,IVB2,M,6.016619258,-20.29725033
Xenbat,IVB6,M,6.426149093,-19.87975476
Xenbat,IVB7,M,6.447599409,-19.1742289
Xenbat,IVB8,NA,6.935323081,-18.77336597
Xenbat,IVB9,NA,7.147526313,-18.93503753
Xenbat,IVC1,M,7.332471233,-18.79526011
Xenbat,IVC2,NA,6.267441394,-19.48334274
Xenbat,IVC4,F,6.852300808,-18.6126468
Xenbat,IVC7,NA,6.68518598,-19.38105683
Lepcun,IVC8,NA,7.960028267,-20.14023675
Lepcun,IVC9,NA,6.580935993,-21.06790706
Lepcun,IVD1,NA,7.297904428,-20.01647919
Lepcun,IVD2,NA,6.578859839,-21.4350142
Lepcun,IVD3,NA,6.530734482,-21.20331798
Julreg,IVD5,NA,6.718754198,-20.60550649
Julreg,IVD6,NA,7.124184335,-20.04533529
Juldic,IVD8,NA,6.806847627,-18.10111137
Juldic,IVD9,NA,6.804845503,-18.91356073
Juldic,IVE1,NA,7.268337366,-19.7414699
Juldic,IVE2,NA,6.966016483,-18.70476749
Juldic,IVE3,NA,6.794834885,-18.02875371
LamorS,IVE5,NA,7.885993612,-20.40500479
LamorS,IVE6,NA,6.708152022,-21.90936318
LamorS,IVE7,NA,7.493157141,-19.83413627
Cunlon,IWE1,M,5.206807547,-13.42637395
Cunlon,IWE2,M,5.459014712,-14.87592579
Cunlon,IWE3,M,4.828428421,-13.81281442
Cunlon,IWE4,M,5.214224154,-12.47497037
Cunlon,IWE5,F,5.569078103,-13.97497322
Cunlon,IWE6,F,4.707860335,-15.89557797
Cunlon,IWE7,F,4.461154849,-15.40123759
Cunlon,IWE8,F,4.228258627,-14.91604473
Cunlon,IWE9,F,4.646370602,-15.80501257
Lchaur,IWF1,NA,6.046590328,-20.84527175
Lchaur,IWF2,NA,6.663346869,-21.14440102
Ophpar,JYF8,M,6.191139371,-14.17941899
Ophpar,JYF9,M,7.234975313,-13.79200479
Ophpar,JYG2,M,6.26164183,-14.06299793
Ophpar,JYG3,M,7.134022224,-14.25103988
Ophpar,JYG4,M,6.274782009,-13.59751034
Ophpar,JYG6,M,6.824627524,-14.78323355
Ophpar,JYG7,M,5.734541797,-14.62150941
Ophpar,JYG8,M,5.810001639,-13.79104839
Ophpar,JYG9,F,6.887567036,-15.98689355
Ophpar,JYH1,F,6.424626385,-17.66827018
Tanirs,JYH4,M,5.647240003,-13.99549782
Tanirs,JYH5,M,5.232854599,-12.14089816
Tanirs,JYH6,F,4.999971376,-13.36835206
Tanirs,JYH8,M,5.851743494,-14.30317416
Tanirs,JYH9,M,5.417953796,-12.7247948
Tanirs,JYI1,F,5.146314073,-14.13020815
Tanirs,JYI3,F,5.678668535,-14.6555871
Tanirs,JYI4,M,5.398483662,-13.31939337
Tanirs,JYI5,M,5.161622313,-14.70563061
Tanirs,JYI6,M,6.114719674,-14.2363847
Trobri,JYI9,NA,4.763430419,-15.73921691
Trobri,JZA1,NA,6.372105873,-16.25137057
Trobri,JZA2,NA,4.997829038,-15.81313758
Trobri,JZA4,NA,4.741661489,-15.17519293
Trobri,JZA5,NA,5.016881551,-15.73083016
Trobri,JZA6,NA,4.181643215,-16.77290776
Trobri,JZA8,NA,4.512710614,-14.53017871
Trobri,JZA9,NA,4.555205647,-14.49742643
Trobri,JZB1,NA,4.766691926,-15.13660344
Trobri,JZB2,NA,5.416956266,-15.55178085
Spamar,JZB4,M,5.039735915,-12.91673947
Spamar,JZB5,M,4.694948197,-13.34551622
Spamar,JZB6,M,4.718444536,-14.00827468
JulmaS,LBA3,F,6.377392331,-21.58420593
Spamar,JZB8,M,4.578259072,-13.53266128
Spamar,JZB9,F,4.542137698,-13.37822809
Spamar,JZC1,M,4.156745509,-14.44771305
Spamar,JZC2,F,5.51011983,-14.68002339
Spamar,JZC4,F,4.73459896,-14.07477776
Spamar,JZC5,F,4.673547162,-13.41472627
Spamar,JZC6,F,4.283045737,-13.57879252
Neotoa,JZD4,NA,6.361317893,-17.30778816
Neotoa,KAC6,NA,6.751138951,-17.68377009
Neotoa,KAC7,NA,6.785819848,-17.99121707
Neotoa,KAC8,NA,6.40986937,-18.39521289
Neotoa,KAC9,NA,6.497013882,-18.34238231
Neotoa,KCD1,NA,6.926777782,-18.79663814
Neotoa,KCD2,NA,6.363664791,-17.4926487
Neotoa,KCD3,NA,6.897178951,-18.80764914
Lamorn,KCD4,NA,7.380248466,-18.33553107
Neobou,KCD7,NA,7.043604618,-21.07589579
Neobou,KCD8,NA,6.410677962,-21.45229249
Neobou,KCE1,F,6.554160037,-19.26599071
Neotoa,KCE2,NA,6.591229154,-17.5705695
Calmel,KCE3,NA,6.630391646,-16.67776518
Calmel,KCE4,NA,6.690449113,-15.92729426
Pscmar,KCE7,M,4.384408075,-14.15349549
Simmar,KCE9,F,4.873438119,-14.11127745
Pscmar,KCF1,NA,4.669031074,-15.24255665
Pscmar,KCF2,NA,5.134289616,-14.47848194
Pscmar,KCF4,NA,5.080342995,-14.26148472
Pscmar,KCF5,NA,5.755655063,-12.25100283
Pscmar,KCF6,NA,5.291272109,-11.02848108
Pscmar,KCF8,NA,5.053077278,-13.29468414
Pscmar,KCF9,NA,5.017347981,-14.2930841
Pscmar,KCG1,NA,5.615811213,-13.93262038
Lamspe,KCG4,M,5.624787536,-18.84622482
Lamspe,KCG5,NA,5.648287807,-19.34512845
Lamspe,KCG6,NA,6.219920612,-18.597354
Lamspe,KCG7,NA,5.472434337,-19.29082834
Lamspe,KCG8,NA,7.178241716,-20.7719002
Lamspe,KCG9,NA,7.261329926,-20.99203317
Lamspe,KCH1,NA,6.266274598,-19.04999833
Lamspe,KCH2,NA,6.182185522,-18.84534148
NeobrM,KCH5,NA,6.488517392,-22.14998199
NeobrM,KCH6,NA,6.547786204,-22.15706286
NeobrM,KCH7,NA,6.969233925,-21.77707676
NeobrM,KCH8,NA,7.417279938,-21.46423324
NeobrM,KCH9,NA,6.945638824,-21.94896214
Perecc,LNE7,NA,8.736891511,-18.5533691
NeobrM,KCI1,NA,6.785550271,-22.2639582
NeobrM,KCI2,NA,6.53484012,-21.63673004
NeobrM,KCI3,NA,6.922820905,-22.26934469
NeobrM,KCI4,NA,6.598262229,-22.19120242
NeobrM,KCI5,NA,6.708811701,-22.21067291
Petort,KDF8,NA,3.226604949,-12.98497057
Neobri,JUH5,M,8.106183441,-21.61940158
Neobri,JUH6,M,7.70690738,-21.54913556
Neobri,JUH7,F,7.739712351,-21.77919725
Neobri,JUH8,F,7.961033765,-21.68071496
Neobri,JUI2,F,7.494767338,-22.35704932
Neobri,JUI3,F,8.149973608,-21.60693886
Neobri,JUI4,M,7.060586867,-22.21558149
Neobri,JUI5,M,6.826040377,-22.46014881
Neobri,JUI7,M,7.55896295,-21.69179982
Neobri,JUI8,M,7.321418106,-21.99343285
Neomon,JVA2,M,7.997713144,-18.34907442
Neomon,JVA5,M,7.263767452,-16.50600539
Neomon,JVA6,F,6.859684699,-15.07463668
Neomon,JVA9,M,6.765668897,-15.40536486
Neomon,JVB1,M,7.325230211,-16.17791952
Neomon,JVB2,F,6.847658899,-15.49008427
Neomon,JVB3,F,6.812745201,-15.70709702
Neomon,JVB5,F,6.334999301,-14.86694173
Neomon,JVB6,F,6.679145347,-15.73470019
Neomon,JVB7,M,6.850755828,-15.67047055
Tronig,JVC4,NA,5.996058734,-14.90840644
Tronig,JVC5,F,5.647214671,-16.78663925
Tronig,JVC6,NA,6.923989847,-17.38446731
Tronig,JVC7,NA,6.071163599,-16.4855982
Tronig,JVC8,NA,5.652155825,-16.55214496
Tronig,JVD1,NA,5.676707361,-16.19280502
Tronig,JVD2,NA,5.921349225,-16.49019337
Tronig,JVD3,NA,6.007683541,-17.14084055
Tronig,JVD5,NA,7.054815239,-17.08095578
Tronig,JVD6,NA,7.59018543,-17.48371963
Cypmic,JVE2,M,8.098309614,-21.22053372
Cypmic,JVE4,M,7.896912014,-21.55453323
Cypmic,JVE6,M,8.25293527,-20.96576947
Cypmic,JVE7,M,8.130518774,-21.07219027
Cypmic,JVE9,M,8.076086014,-20.94798443
Cypmic,JVF1,M,7.713034975,-21.47654076
Cypmic,JVF3,M,7.979471084,-21.74416584
Cypmic,JVF5,M,7.910485954,-21.01496717
Neofal,JVF6,M,7.974429203,-21.04382941
Neofal,JVF7,F,7.089471739,-20.75848726
Lessta,JVG1,NA,5.956407166,-23.40093073
Lessta,JVG2,NA,5.709863379,-23.85846369
Lessta,JVG3,NA,5.933388323,-23.35606424
Lessta,JVG4,NA,6.2923568,-23.33260543
Lessta,JVG5,NA,5.608609256,-22.75636503
Lessta,JVG6,NA,5.564021137,-23.60799213
Lessta,JVG7,NA,6.0308826,-23.26865641
Lessta,JVG8,NA,5.84182176,-23.93105001
Lessta,JVG9,NA,5.879009461,-23.68711708
Lessta,JVH1,NA,5.796126664,-22.4881413
Telbri,JXA1,NA,6.693272418,-18.48868679
Telbri,JXA2,NA,6.472641493,-18.04726329
Telbri,JXA3,NA,6.833182024,-18.67968096
Telbri,JXA5,M,7.180410365,-18.68158378
Telbri,JXA6,M,6.806940115,-18.15780211
Telbri,JXA8,M,6.724310255,-18.84157157
Telbri,JXA9,M,6.75062061,-18.50325345
Telbri,JXB2,M,6.757941385,-19.30523043
Telbri,JXB3,M,6.75045619,-18.07305113
Telbri,JXB4,M,6.551513286,-16.97196861
Neobou,KCD6,M,6.673587201,-20.45135488
XenspN,KEH1,M?,6.318054834,-14.32126831
JulmaN,JXB6,NA,7.26699202,-20.69254322
JulmaN,JXB7,NA,7.310867696,-21.22643947
JulmaN,JXB8,NA,7.644921139,-21.21825716
JulmaN,JXB9,NA,7.316850742,-21.24689527
JulmaN,JXC2,NA,7.145336736,-21.10165912
JulmaN,JXC3,NA,7.393470245,-21.31757604
JulmaN,JXC4,NA,7.096154585,-21.41368736
JulmaN,JXC6,NA,6.852896472,-21.58730625
JulmaN,JXC7,NA,7.537623367,-21.21422986
JulmaN,JXC9,NA,7.739838245,-20.61274103
Petpol,JXD2,F,5.444626869,-15.67749249
Neofal,JXD5,NA,8.60339002,-20.14294779
Neofal,JXD6,NA,8.016668345,-19.69768977
Neofal,JXD8,NA,7.523537297,-20.20582912
Neofal,JXD9,NA,8.063885712,-20.15798727
Neofal,JXE1,NA,6.770947462,-20.66981509
Neofal,JXE3,NA,7.100249514,-21.47706229
Neofal,JXE4,NA,7.060360282,-21.39381622
Neofal,JXE5,NA,7.033407647,-21.49364282
Neosav,JXE7,NA,6.515580814,-20.14198234
Eremar,JXF1,F,4.89378425,-12.1231036
Eremar,JXF2,F,5.992506076,-15.06198751
Eremar,JXF3,F,5.584379639,-14.40063672
Eremar,JXF5,F,6.122409167,-14.35783744
Eremar,JXF6,M,6.04177821,-15.29330743
Eremar,JXF7,F,6.113681155,-15.694518
Eremar,JXF9,M,6.224772328,-15.50097991
Eremar,JXG1,F,6.221274984,-16.6586561
Eremar,JXG3,M,5.851612239,-15.47490417
Eremar,JXG4,F,6.614184513,-14.8940167
Lamkun,JXG5,M,8.151272827,-20.75089138
Lamkun,JXG6,M,8.085734265,-20.6674315
Lamkun,JXG7,M,8.34145416,-20.17452379
Lamkun,JXG9,M,8.124542851,-20.68875473
Lamkun,JXH1,F,8.385525008,-19.93887975
Petort,JXH4,F,4.288375671,-14.86509064
Petort,JXH5,M,4.451286491,-13.76911085
Petort,JXH6,M,4.043219394,-13.87382747
Petort,JXH7,NA,3.740792458,-14.76169896
Petfam,JXI1,NA,4.768876424,-14.25973187
PcybrN,JXI7,M,7.6099,-21.4767
PcybrN,JXI8,M,7.713522128,-21.0313551
PcybrN,JXI9,M,7.537118548,-22.04910673
PcybrN,JYA1,M,7.648646082,-21.88426183
PcybrN,JYA2,M,7.426807589,-21.65312176
PcybrN,JYA3,F,7.507709311,-21.86461056
PcybrN,JYA4,F,7.484373019,-22.21047394
PcybrN,JYA5,F,7.491800381,-21.9161843
PcybrN,JYA6,F,7.347874792,-21.87732339
PcybrN,JYA7,F,7.419806709,-22.01996382
Neofur,JYC1,M,8.878563164,-20.80219642
Ophnas,JYC2,F,8.411017713,-20.05213
Altcom,JYD1,NA,7.215777757,-19.4796056
Altcom,JYD2,NA,7.700103383,-20.72250046
Cphfr5,JYF4,NA,7.787449731,-21.317663
Cphfr5,JYF5,F,8.549133278,-21.39947266
Batfas,JYF6,NA,8.135331972,-20.97048084
Petort,JZC8,NA,3.859467702,-13.44400914
Petort,JZC9,NA,4.35360093,-15.35845627
Petort,JZD1,NA,4.121359024,-14.37275538
Petort,JZD2,NA,4.095664098,-14.27132685
Lamkun,JZD7,M,8.610440282,-20.39422282
Lamkun,JZD8,M,7.849955298,-20.54556296
Lamkun,JZD9,M,7.849955298,-20.51972516
Lamkun,JZE1,F,8.276408881,-19.73940277
Cphfr5,KAC4,F,8.494041787,-21.19256528
Cphfr5,KAC5,F,8.555056526,-21.33419184
Neofur,KAD1,NA,8.555341418,-19.98170434
Leppro,KAD2,M,8.397426211,-21.21526009
Cphfr5,KAD3,F,8.694467572,-21.20857508
NeoveB,KAD4,F,8.161764232,-21.2021061
NeoveB,KAD5,F,8.44627834,-21.16389767
Cphfr5,KAD8,M,8.079833909,-21.25746024
Cphfr5,KAD9,M,8.191421527,-21.26241209
Ctehor,KAE4,M,8.03594681,-17.26062282
Lepelo,KAE5,NA,9.291256168,-20.40207093
Xenbou,KAE6,NA,7.574989537,-17.41894583
Ophnas,KAG4,M,8.799204203,-20.36035767
Permic,KAG6,NA,11.27365637,-19.47164359
NeoveB,KAG9,F,8.233336107,-21.06552367
Cphfr5,KDF2,F,8.165026823,-21.01894116
NeoveB,KDF3,M,7.983295213,-21.30339458
NeoveB,KDF4,F,8.368944897,-20.64766917
NeoveB,KDF5,F,8.636279931,-21.21159575
Petort,KDF6,M,4.151700633,-13.52269902
Cphfr5,KDF9,M,9.059341417,-20.60665542
Cphfr5,KDG1,M,8.957990866,-21.2102153
Cypmic,KDG3,F,8.095547228,-21.27344991
Cypmic,KDG4,NA,8.076180608,-21.4018665
Leppro,LCG7,F,7.577867817,-19.28782776
Tropol,LEG1,M,4.916591928,-14.69310405
Tropol,LEG2,F,4.140697712,-13.6627611
Tropol,LEG3,F,4.436117468,-12.83112624
Tropol,LEG4,F,4.221767007,-12.76020214
Tropol,LEG5,F,4.213267674,-11.29242737
Tropol,LEG6,F,4.19350239,-10.75868198
Tropol,LEG7,F,4.161877916,-10.69949249
Tropol,LEG8,F,4.455391666,-11.98572219
Tropol,LEG9,M,4.399413863,-12.71670439
Tropol,LEH1,F,4.262506618,-12.32380724
Telbif,LED4,M,5.245956221,-16.32498051
Telbif,LED5,M,5.788119271,-17.71308226
Telbif,LED6,M,5.710337494,-17.1031837
Telbif,LED7,M,5.709982253,-16.3156445
Telbif,LED8,M,5.325835291,-18.40024624
Telbif,LEE4,NA,5.316002148,-17.9904363
Telbif,LEE5,NA,5.426343442,-18.73503111
Telbif,LEE6,NA,4.79002717,-19.10128302
Leppro,LEE7,NA,8.643760468,-18.04973318
Neowal,KFD6,M,6.560229227,-20.60958945
Neowal,KFD7,M,6.726462793,-20.64729358
Neowal,KFD8,M,6.618846645,-20.51380059
Neowal,KFD9,M,6.772087341,-20.37317438
Neowal,KFE2,M,6.584047241,-20.53140904
Neowal,KFE3,F,6.161091619,-21.47211676
Neowal,KFE4,F,5.897236342,-21.55868665
Neowal,KFE5,F,5.47526216,-20.88510941
Neowal,KFE6,F,6.407157431,-21.09837896
Pscmrg,KFF2,M,6.431671607,-15.06168493
Pscmrg,KFF3,M,5.153419236,-15.29473631
JulmaS,GPH6,M,6.83924451,-19.92417233
Petfas,GPH8,M,4.89958316,-15.18010634
Petfas,GPH9,F,4.849965036,-14.8923042
Petfas,GPI1,NA,5.849970133,-15.15901781
Petfas,GPI2,F,5.192357395,-14.93707828
Petfas,GPI3,M,4.871131569,-15.69002995
Pethor,GPI4,NA,4.271917441,-16.3240712
Pethor,GPI5,NA,4.27461758,-16.44984803
Petmac,GPI6,NA,5.565002279,-13.27320367
Cyafur,IPA1,M,3.432570693,-12.73262358
Chabri,IPA3,M,6.615108751,-12.52706664
Cyafur,IPA4,F,4.951478344,-16.34247025
Cyafur,IPA6,F,4.956298752,-14.13347818
Permic,IPA8,NA,9.126012531,-14.34632891
Xenspi,IPA9,NA,7.212164938,-13.78630059
Auldew,IPB1,NA,5.980396656,-21.25395597
Neosav,IPB3,M,6.723393561,-18.11101426
Lepelo,IPB4,M,8.024844607,-19.0366466
Intloo,IPB5,F,4.48939586,-13.53156186
Intloo,IPB7,M,4.462937446,-14.04440977
Intloo,IPB8,NA,4.453962876,-15.06515395
Intloo,IPB9,NA,4.636445801,-15.1899343
Xenspi,IPC2,NA,7.1269583,-15.65604181
Neotet,IPC3,NA,6.307228262,-16.22611771
Ophnas,IPC6,F,6.200750168,-16.54123701
Ophnas,IPC8,F,6.271676686,-18.26118072
Ophnas,IPC9,M,6.293974623,-15.66746599
Ophnas,IPD1,M,5.860159289,-15.31508549
Ophnas,IPD2,F,6.345580158,-16.99116031
Ophnas,IPD3,F,6.158975884,-16.7316522
Neosav,IPD8,NA,7.167913696,-18.74582429
Neosav,IPD9,NA,6.958865112,-18.7062855
Neosav,IPE2,NA,7.346436676,-18.75557485
Lamlem,IPE4,NA,6.171398752,-18.77767564
Lepatt,IPE5,M,6.969420854,-20.78457941
Lepatt,IPE6,F,7.181416151,-19.5666964
Permic,IPE8,M,9.294531515,-14.99434938
Permic,IPE9,NA,9.495001449,-15.47956696
Intloo,IPF2,F,4.726646283,-15.05868953
Permic,IPG1,NA,9.222357787,-14.7754341
Permic,IPG2,NA,7.948598924,-19.17642395
Xenspi,IPG4,F,6.286544557,-16.19511577
Lepelo,IPG5,F,7.783716193,-17.7131738
Altfas,IPG7,M,6.692064792,-17.62944254
Gnapfe,IPG8,F,6.391919801,-19.07249689
Auldew,IPG9,M,7.397873177,-18.29086552
Auldew,IPH1,F,5.89155995,-21.89503618
Altcom,IPH3,F,6.168227316,-18.47000822
Xenspi,IPH4,M,5.686020604,-17.14429356
Auldew,IPH5,M,7.578913251,-17.49581622
Varmoo,LNF5,NA,7.289676072,-18.03850869
Lepatt,IPH7,F,6.79498465,-19.10002617
TelteS,IPH8,NA,5.628014139,-15.57778952
Lamlem,IPI1,M,5.943216834,-16.89146155
Neotet,IPI2,NA,7.213620327,-15.04553916
Neotet,IPI3,NA,6.724035854,-16.7383916
Neotet,IPI4,NA,6.801215001,-16.75859697
Neotet,IPI6,NA,6.808291769,-17.01561403
Neotet,IPI7,NA,7.078526047,-17.18539713
Neotet,IPI8,NA,6.931941402,-17.09436884
Xenspi,IQA6,NA,6.297448673,-15.68068053
TelteS,IQA7,M,6.12153458,-18.25081135
Peteph,LNF6,NA,4.569459458,-13.22510849
Neocau,IQB1,F,6.32395492,-21.91887912
Neocau,IQB2,F,6.53397622,-21.0452617
Neocau,IQB3,F,6.226718478,-22.53655321
Neocau,IQB4,M,6.183624596,-22.61887617
Neocau,IQB5,M,6.007217338,-22.45742526
Enamel,IQD5,M,6.560558354,-18.72740708
Enamel,IQD6,M,5.364959103,-18.66096733
Lepelo,IQD7,NA,7.985078578,-19.13830455
Pcybri,IQE1,M,6.480491825,-21.66686468
Pcybri,IQE2,F,6.712392771,-21.62593451
Pcybri,IQE3,M,6.705992092,-21.52437127
Pcybri,IQE6,F,6.486608809,-21.87120402
Pcybri,IQE7,NA,6.213664096,-22.27593708
Xenbou,IQF1,M,6.829116769,-13.01538316
Cypcol,IQF2,M,6.527700799,-21.52452147
Cypcol,IQF3,M,6.593084852,-21.6882877
Cyafur,IQF5,M,3.30137235,-9.46684752
Chabri,IQF6,NA,6.789112996,-13.04100271
Chabri,IQF7,NA,6.080240515,-11.75837597
Lepelo,IQF8,NA,8.19120704,-19.97866697
Ophven,IQF9,M,5.705580837,-16.50446461
Ophven,IQG1,M,5.806111003,-15.64875577
Ophven,IQG3,M,5.52773182,-17.22123051
Ophven,IQG4,M,5.353327762,-18.78354548
Ophven,IQG5,F,6.106564185,-16.79914448
Ophven,IQG6,F,5.673393078,-19.09251987
Ophven,IQG7,F,6.023160998,-16.16005505
Gnapfe,IQG8,M,6.607859703,-19.5654289
Ophven,IQH2,M,6.083707239,-16.08383949
Ophven,IQH3,F,5.222832174,-20.56954557
Ophven,IQH4,F,5.51008405,-20.47480638
Xenbou,IQH6,M,6.538515728,-14.83938284
Enamel,IQH7,F,6.10265692,-18.8201664
Auldew,IQH8,F,5.903939697,-22.46811653
Gnapfe,IQH9,M,7.846350379,-19.20745249
Cyafur,IQI1,M,3.493313995,-11.10270084
Lamlem,IQI2,M,6.120240064,-17.55469105
Altfas,IQI3,NA,6.754397636,-17.05799816
Ctehor,IQI6,M,7.25525677,-15.85624959
Gnapfe,IQI7,F,6.576517203,-16.84224137
Neotet,IQI8,M,7.105458922,-13.15933222
Neotet,IQI9,M,7.164272052,-13.28047569
Lamlem,ISD4,NA,6.793208097,-16.55269008
Neopul,ISD5,NA,6.361706057,-21.19022403
Xenfla,ISD6,NA,6.285978968,-20.51964536
Xenfla,ISD7,NA,5.843834872,-21.01054607
Lepelo,ISE1,NA,7.326822487,-18.20614131
Simple,ISE2,M,5.119265842,-15.37891028
Simple,ISE3,F,5.105678709,-15.83042997
Simple,ISE4,F,4.775182245,-14.31725468
Altcom,ISE7,NA,6.383006342,-17.67945718
Altcom,ISE8,NA,5.638112378,-18.84531749
Neopul,ISF1,NA,6.328562978,-21.38926191
Cyafur,ISF4,F,6.108274511,-16.02765676
Cyafur,ISF5,M,5.687075316,-13.39926268
Lamlem,ISF6,NA,7.715073147,-17.41354759
Lepatt,ISF7,NA,6.504543612,-18.62689823
Neopul,ISF8,NA,6.602787395,-21.25845304
Neopul,ISF9,NA,6.276924699,-20.87943104
Altfas,ISG4,NA,7.308970418,-16.30920494
Neocau,ISG5,NA,6.58181659,-21.30551025
Neocau,ISG6,NA,6.463834357,-21.89035127
Neocau,ISG7,NA,6.11332822,-22.71715521
Neocau,ISG8,NA,5.794756263,-22.99081145
Lepelo,ISH1,NA,7.69786204,-18.71253504
Lepelo,ISH2,NA,6.796325676,-18.64491812
Lepelo,ISH3,NA,6.18210476,-18.91805517
Lepelo,ISH4,NA,7.797567908,-18.87447217
Gnapfe,ISH5,NA,6.833563283,-17.06917602
Gnapfe,ISH6,NA,6.509030039,-17.36964657
Neopul,ISH7,NA,6.59723558,-21.10255476
Neopul,ISH8,NA,6.655073293,-20.71900024
Varmoo,ISI1,NA,6.053722059,-19.98373713
Cypcol,ITD4,NA,6.907501757,-21.46556642
Cypcol,ITF5,M,7.007004494,-21.24835569
Cypcol,ITF6,NA,6.998289422,-21.41717605
Cypcol,ITF7,NA,6.604281232,-21.89044203
Auldew,ITG7,F,7.152747868,-20.03803876
Petpol,ITG8,NA,5.84671867,-13.18513211
Petpol,ITG9,NA,5.703963094,-16.09360277
Trenig,IUA8,F,7.758524081,-18.87186728
Trenig,IUA9,F,7.853798292,-18.87501857
Trenig,IUB1,F,7.951057244,-18.7090498
Trenig,IUB2,F,8.256488607,-19.30035537
Trenig,IUB3,F,6.75340243,-20.1413271
Trenig,IUB4,F,7.825017555,-18.40756802
Trenig,IUB5,F,7.141863709,-18.24932235
Tremar,IUC2,M,6.187365393,-15.1222135
Tremar,IUC3,M,5.6,-15.5
Tremar,IUC6,F,6.23610332,-16.13513965
Tremar,IUC7,F,6.5,-15.8
Tremar,IUD2,F,6.118992607,-16.58483257
Tremar,IUD3,M,7.4,-17.4
Tremac,IUD4,F,7.413153937,-19.84241594
Tremac,IUD5,F,7.440942405,-19.48424797
Tremac,IUD6,F,8.182294801,-19.59138457
Tremac,IUE1,M,7.668429803,-19.9133097
Tremac,IUE2,M,7.215530387,-19.42756585
Xensim,IUG8,F,6.387622799,-17.6861811
Gralem,IUG9,NA,6.888942767,-16.53824367
Cyafur,IUH1,M,4.350378021,-12.44609972
Cyafur,IUH2,M,3.678513884,-11.43097462
Batgra,IUH7,F,8.204459733,-19.87760275
Batgra,IUH8,F,8.473849882,-19.16173047
Batgra,IUH9,M,8.646235561,-19.45140802
Neochr,IYA9,NA,7.139353689,-16.64025019
Neochr,IYB1,NA,6.851170271,-15.33823882
Neosav,IYB2,NA,6.304593413,-19.10867816
Neosav,IYB3,M,6.988826025,-18.40258629
Varmoo,IYB5,NA,6.664698647,-17.36438534
Varmoo,IYB6,NA,6.874105283,-19.90397231
Neochr,IYB7,M,7.241464963,-15.37365649
Neochr,IYB8,NA,6.40519448,-16.21181434
Loblab,IYB9,NA,7.44452447,-16.20109101
Simdia,IYC1,NA,7.160065896,-14.97563988
Varmoo,IYC2,NA,7.334799883,-16.06441955
Varmoo,IYC3,NA,7.041630592,-13.47267029
Varmoo,IYC4,NA,7.514291285,-13.13105851
Chabri,IYC5,NA,6.461447767,-12.50377194
Chabri,IYC6,NA,6.125856964,-12.99597294
Varmoo,IYC7,NA,7.88886203,-17.63938143
Varmoo,IYC8,NA,6.707820648,-14.96563285
Altcom,IYC9,NA,6.245421788,-18.01239601
Petpol,IYD1,M,5.009740928,-11.00453912
Petpol,IYD2,F,4.377319182,-11.06836372
Cyafur,IYD3,F,4.949171175,-17.81816346
Petpol,IYD4,M,4.500009403,-11.78855328
Petpol,IYD5,F,4.644148602,-10.98063923
Chabri,IYD7,NA,6.449276837,-13.8940883
Altcom,IYD8,NA,5.756662378,-20.044384
Loblab,IYE2,NA,7.372942398,-12.68435017
Psccur,IYE3,M,5.754983851,-11.44407906
Intloo,IYE5,NA,5.251702441,-15.13981761
Altcom,IYE7,NA,6.075427163,-19.02271315
Altcom,IYE8,NA,5.672727148,-18.64625479
Petpol,IYE9,NA,5.0350564,-12.4686372
Neochr,IYF1,M,7.303253359,-16.81487662
Neosav,IYF2,M,6.989030785,-17.24962226
Petfam,IYF4,NA,4.857912761,-12.13656887
Neosav,IYF5,NA,7.052583164,-17.66565904
Neochr,IYF6,NA,6.998205959,-16.43530783
Intloo,IYF7,NA,4.421056119,-13.40823454
Intloo,IYF8,NA,4.85378053,-15.63041799
Loblab,IYF9,M,7.788672078,-14.14085416
Simdia,IYG1,NA,6.896761085,-16.53027722
Loblab,IYG2,F,7.403480877,-16.48125049
Loblab,IYG3,F,7.694790368,-14.76713069
Psccur,IYG4,M,6.282499963,-10.613081
Petpol,IYG5,F,4.482074634,-11.47632462
Petfam,IYG6,M,4.725116783,-12.68614505
Altfas,IYG7,NA,6.399391779,-17.96266261
Intloo,IYG8,NA,4.644559624,-15.76171605
Intloo,IYG9,NA,4.499406424,-15.41847777
Auldew,IYH5,NA,6.544928766,-20.85470071
Neochr,IYH7,NA,6.989081257,-15.35795995
Varmoo,IYH8,NA,6.295107631,-17.6865849
Neosav,IYH9,NA,6.574729716,-18.37179244
Auldew,IYI1,NA,6.224413414,-20.34884691
Auldew,IYI2,NA,6.112872265,-21.79290081
Xenspi,IYI3,NA,6.896415369,-13.40665323
Xenspi,IYI4,NA,6.43468906,-14.63688496
Xenspi,IYI5,NA,6.164277997,-15.32101677
Auldew,IYI6,NA,5.830488235,-22.15453499
Xenspi,IYI7,NA,6.770304905,-14.55117479
Neochr,IYI8,NA,6.771064496,-16.33281568
Lamcal,JAB9,M,6.211981444,-17.39097787
Hapmic,JAC9,NA,7.453913368,-19.0367139
Xencau,JAD1,NA,8.351392851,-18.97977574
Xenbou,JAG6,M,6.41978058,-16.04180503
Xenbou,JAG7,M,6.569107304,-17.26815421
Xenbou,JAG8,F,6.148031773,-16.4889868
Xenbou,JAG9,M,6.087928333,-16.06400511
Xenbou,JAH2,F,6.313758277,-17.06410385
Xenbou,JAH3,F,5.831609924,-16.96440781
Neopul,JAH9,NA,6.836048257,-19.95820333
Neopul,JAI1,NA,6.151746351,-20.74427101
Neopul,JAI2,NA,5.977581941,-21.60387308
Neopul,JAI3,NA,6.427935429,-20.89814054
Lamlem,JAI9,F,7.99310751,-18.88772014
Psccur,JCA2,M,5.751351779,-9.29444137
Xenfla,JCA5,NA,6.226893404,-20.19250328
Xenfla,JCA6,NA,5.422640952,-20.63978055
Xenfla,JCA7,NA,6.878104499,-18.90054512
Xenfla,JCA8,NA,6.123093034,-20.44325916
Xenfla,JCA9,NA,5.812811114,-20.53671519
Xenfla,JCB1,NA,6.32478901,-19.94414174
Xenfla,JCB2,NA,6.945758047,-18.71306155
Xenfla,JCB3,NA,5.561513696,-19.55669389
Lamlem,JCB7,NA,7.565653146,-17.2824159
Enamel,JCB8,M,5.814374097,-19.37138043
Enamel,JCB9,M,5.655966212,-19.05515505
Enamel,JCC1,M,5.740500204,-19.33632379
Enamel,JCC2,M,5.967999993,-18.61878774
Enamel,JCC3,M,6.087525613,-19.20373343
Calmac,JCF6,NA,8.154470999,-18.51202874
Calmac,JCF7,NA,7.366245059,-15.60375962
Calmac,JCF8,M,6.387648541,-16.77630057
Julorn,JCF9,NA,6.334346719,-18.42981752
Julorn,JCG1,NA,6.511534498,-18.46599543
Peteph,JCG2,NA,4.971259433,-12.95159867
Peteph,JCG3,NA,4.881419969,-13.99917164
Peteph,JCG4,NA,4.548587758,-14.24638119
Peteph,JCG5,NA,4.60604837,-14.99537883
Peteph,JCG6,NA,4.914411511,-14.27012304
Peteph,JCG7,NA,4.445884791,-13.86433429
Peteph,JCG8,NA,4.728171781,-12.78597871
Petfam,JCG9,NA,5.12960608,-12.14854881
Petfam,JCH1,NA,5.024776564,-13.08722235
Petfam,JCH2,NA,4.532641161,-13.51708276
Petfam,JCH4,NA,4.561228069,-14.12859047
Calmac,JCH5,M,7.323028751,-17.07558584
Simdia,JCH6,NA,5.817585743,-17.22201953
Peteph,JCH7,NA,4.526072669,-12.64947133
Calmac,JCH8,M,6.681567767,-16.36497341
Calmac,JCH9,M,7.55822258,-15.67926497
Calmac,JCI1,F,5.630000258,-17.3247774
Julorn,JCI2,NA,6.481502666,-19.27015639
Julorn,JCI3,NA,6.361375359,-18.88255202
Calmac,JCI4,NA,6.545245764,-17.13027239
Calmac,JCI5,M,7.515223186,-15.41830435
Calmac,JCI6,F,6.601357727,-16.90222646
Peteph,JCI7,NA,4.664313836,-13.87959559
Petfam,JCI8,NA,4.341899383,-12.95975401
Erecya,JDA1,F,3.922693208,-8.969204256
Erecya,JDA2,F,4.950453977,-9.31669365
Erecya,JDA3,F,4.418070937,-9.7395913
Erecya,JDA4,M,3.64382063,-8.854053811
Erecya,JDA5,F,3.671130437,-9.365607113
Erecya,JDA6,M,4.839169633,-11.04488104
Erecya,JDA7,M,4.310735984,-9.608413207
Erecya,JDA8,M,4.287392276,-10.83713403
Erecya,JDA9,F,5.210720092,-11.12603585
Erecya,JDB1,F,4.057126003,-11.72144451
Ctehor,JDB2,M,7.920379152,-20.49314902
Oretan,JDB4,M,4.544448854,-17.39180059
Ctehor,JDB5,M,8.466882937,-21.36343561
Ctehor,JDB6,M,8.434837734,-21.85399295
Simdia,JDB7,M,9.590481763,-16.97955315
Simdia,JDB8,F,6.818676471,-15.31870748
Simdia,JDB9,F,7.933193366,-17.48415925
Simdia,JDC1,NA,4.988913354,-13.3558015
Simdia,JDC2,F,5.536413411,-17.14376918
Ctehor,JDC3,NA,7.798407763,-16.89497723
Neochr,JDC4,F,7.193908099,-15.68573435
Neomod,JDC7,NA,6.445222238,-12.77339416
Ctehor,JDC8,NA,7.355785404,-17.15003525
Asplep,JDC9,NA,5.925939315,-13.19378889
Psccur,JDD2,NA,5.831824757,-8.209653047
Julorn,JDD6,NA,6.324336113,-18.73267566
Ctehor,JDD9,NA,8.080649587,-16.56711793
Ctehor,JDE1,NA,6.993540815,-16.28867761
JulmaS,LBA1,F,6.696285473,-21.18257561
JulmaS,LBA2,F,6.560586495,-21.0209706
JulmaS,LBA4,F,6.315326567,-21.03543929
JulmaS,LBA5,M,6.615956163,-19.8899078
Neocyl,LBA6,F,6.525993851,-18.1661154
JulmaS,LBA7,M,6.839784982,-20.98120578
JulmaS,LBA8,F,5.953943827,-21.16565691
Neocyl,LBC5,M,7.046172365,-19.58246112
Neocyl,LBC6,M,7.043953085,-19.94569625
Neocyl,LBC7,F,6.434357669,-19.65418435
Neocyl,LBC8,M,6.897341846,-18.67980067
Neocyl,LBC9,M,6.912051278,-18.79485597
JulmaS,LBD1,F,6.469489934,-20.69748833
Neocyl,LBD2,F,7.258237503,-19.44088445
JulmaS,LBF3,M,7.081538321,-20.08603527
Neopro,LDB9,F,6.66806589,-19.13344095
Neopro,LDC1,F,7.112371351,-19.09514762
Neopro,LDC2,M,6.945292408,-18.07920087
Neopro,LHH9,M,7.779921403,-18.21061112
Neopro,LHI1,M,6.703321556,-17.54531918
Neopro,LHI2,F,7.60107369,-18.54398417
Chacya,LDE8,F,6.39294193,-20.14045336
Neocyg,LDE9,M,6.169416335,-18.44332178
Neotim,LDF1,F,6.830219815,-18.01310539
Neotim,LDF2,F,7.077784732,-17.84398771
Neotim,LDF3,M,6.926069888,-17.58019897
NeofuU,LDF4,F,6.737265368,-17.85403675
NeofuU,LDF5,M,7.379590832,-18.58169888
NeofuU,LDF6,F,7.213031329,-18.3702741
NeofuU,LDF7,M,7.083023894,-17.88018495
NeofuU,LDF8,F,7.788029687,-18.31157641
NeofuU,LDF9,F,8.208878949,-18.48622957
NeofuU,LDG1,F,7.535101136,-17.14131464
NeocaK,LDG2,M,7.301756038,-16.12594198
NeocaK,LDG3,F,6.967713148,-14.75223793
NeocaK,LDG4,F,7.003415965,-15.83589556
NeocaK,LDG5,F,6.779650794,-15.4565763
NeocaK,LDG6,M,6.854038768,-15.97121036
NeocaK,LDG7,F,7.510926729,-15.58491474
NeocaK,LDG8,F,6.670426736,-17.4365074
NeocaK,LDG9,M,7.022788754,-15.86980832
NeocaK,LDH1,F,7.152698315,-15.41355947
NeocaK,LDH2,M,6.896195444,-15.6188025
Lepmim,LDH3,M,7.203111866,-17.79980157
Chabif,LDH4,F,7.076517412,-17.13428841
Chabif,LDH5,M,6.296546524,-13.4545156
Chabif,LDH6,M,6.59819359,-13.87643117
Chabif,LDH7,M,6.853924809,-19.42843122
Petkip,LDH8,F,3.512708812,-13.62781123
Lepmim,LGG4,M,7.419417041,-20.26908463
Chacya,LGG5,M,5.168886145,-20.65822786
Chacya,LGG6,M,6.097904017,-20.60660252
Chacya,LGG7,F,6.59887158,-20.30639283
Chacya,LGG8,F,5.87574646,-20.01431427
Chacya,LGG9,F,5.828288937,-19.85538294
Ophwhi,LGH1,M,7.490924785,-15.44351765
Ophwhi,LGH2,M,7.970512692,-16.3000754
Ophwhi,LGH3,F,6.9260736,-15.82473996
Ophwhi,LGH4,M,7.766413092,-16.63296928
Ophwhi,LGH5,M,7.215310113,-14.27967533
Ophwhi,LGH6,M,6.384297973,-10.71160217
Ophwhi,LGH7,M,7.786836911,-15.929238
Neopet,LGH8,M,7.39379401,-15.34889102
Neopet,LGH9,M,7.034080157,-14.71322806
Neopet,LGI1,F,7.162447725,-14.98852421
Neopet,LGI2,F,6.620022266,-15.67194685
Neopet,LGI3,M,7.203139613,-15.44306909
Neopet,LGI4,F,6.748910448,-12.97200809
Neopet,LGI5,M,6.680881616,-13.7114262
Neopet,LGI6,F,6.617118902,-12.53070281
Neopet,LGI7,F,6.889906053,-13.63279935
Neopet,LGI8,M,6.727456859,-12.86259632
LepmeK,LGI9,M,7.313873309,-21.51023679
LepmeK,LHA1,M,6.882940767,-20.43523564
LepmeK,LHA2,F,6.584145702,-20.99482964
LepmeK,LHA3,M,6.591905833,-20.66651716
LepmeK,LHA4,M,6.650339697,-20.76047023
LepmeK,LHA5,M,6.951943832,-20.84768052
LepmeK,LHA6,M,6.976669163,-20.57936349
LepmeK,LHA7,M,6.661736167,-20.60573861
LepmeK,LHA8,M,6.496302432,-20.43165046
LepmeK,LHA9,M,6.833360926,-20.49433943
Pettex,LHB1,M,4.865516931,-12.09880044
Pettex,LHB2,M,5.074024844,-12.99846091
Pettex,LHB3,F,4.259716056,-11.40340028
Pettex,LHB4,M,4.64118384,-13.29079409
Pettex,LHB5,F,5.447591576,-11.96669955
Pettex,LHB6,M,6.133421479,-10.95421602
Ophwhi,LHB7,F,6.903153361,-14.64805343
Ophwhi,LHB8,M,7.293634635,-14.57408768
Ophwhi,LHB9,M,6.41695281,-11.13144624
TeldhT,LHC1,M,7.50640336,-18.06409464
TeldhT,LHC2,M,6.845886865,-17.45096371
TeldhT,LHC3,M,6.565244862,-16.75080571
TeldhT,LHC4,M,6.984685691,-17.45843843
TeldhT,LHC5,M,6.693493999,-17.6762166
TeldhT,LHC6,M,7.652973374,-18.87651252
TeldhT,LHC7,M,6.159675463,-16.8860247
TeldhT,LHC8,M,6.56749774,-16.96571501
TeldhT,LHC9,M,6.835444853,-18.56897484
TeldhT,LHD1,M,6.817921264,-16.51336415
Neobou,KYC2,M,6.854802279,-18.61636583
Neobou,KYC3,M,7.636697976,-19.54062648
Neobou,KYC4,M,7.010366493,-19.64660565
Neobou,KYC5,M,7.31552382,-18.5083486
Neobou,KYC6,M,6.816122679,-20.46183003
Neobou,KYC7,M,6.987823149,-18.85743399
Batfas,KYC8,F,7.2,-20.7
Batfas,KYC9,F,7.3,-21.3
Batfas,KYD1,M,7.436962469,-20.69901981
Neotim,LGE2,M,6.614563684,-19.40870355
Neotim,LGE3,F,7.023679946,-19.47201851
Neotim,LGE4,F,7.032128829,-18.91775529
Neotim,LGE5,F,6.941071175,-18.71450695
Neotim,LGE6,F,6.927117861,-19.2765802
Neotim,LGE7,F,6.680084966,-19.1017869
Neotim,LGE8,F,6.506872466,-19.11391831
NeofuU,LGE9,NA,6.973216153,-19.30659652
NeofuU,LGF1,M,6.752891823,-18.6546018
NeofuU,LGF2,F,6.49610724,-17.88721607
Trecap,LJC6,NA,7.272367491,-20.0838669
Trecap,LJC7,NA,7.179745242,-20.48986027
Trecap,LJC8,NA,7.011923003,-20.44752709
Neocan,LJD1,NA,6.767614529,-16.30024331
Telshe,MPB2,M,6.102286731,-18.75002802
Bathor,MOD4,NA,8.868197954,-19.25700704
Cypkan,MOD7,F,7.004314677,-21.93989857
Cypkan,MOD8,F,7.417315319,-21.78892488
Cypkan,MOD9,M,7.324030145,-22.1024633
Cypkan,MOE1,M,7.580180507,-21.12978941
NeoveS,MOE2,NA,8.098404573,-20.25056085
NeoveS,MOE5,M,7.884040092,-20.3568116
NeoveS,MOE6,M,7.442313645,-20.1175649
NeoveS,MOE7,M,8.067751014,-20.38864058
NeoveS,MOE8,F,8.33779648,-20.79259613
Trored,MOH3,F,4.618194678,-12.0001714
Xchhec,LNH3,F,7.257969288,-18.83280575
Batvit,LNH9,M,8.775275808,-19.89774475
Telvit,LPA4,M,5.00037403,-8.238360926
XenorS,LOE1,M,9.018705248,-19.46338049
Batvit,LNH7,NA,8.697815438,-19.47779652
Simdia,JAD4,F,8.68446462,-15.8903219
Ctehor,JAD9,M,9.331500329,-17.46359776
Neocau,IQA9,F,6.417270068,-22.50235489
Neocra,IVF7,M,5.910186692,-23.95121797
Neobue,IOA1,M,6.806705485,-22.07789936
Neobue,IOA2,M,7.100133951,-21.98991446
Neobue,IWA5,M,7.255347117,-21.97771408
Lamorn,ONE8,M,7.26381042,-19.79627075
Lamorn,ONE9,M,6.937522348,-21.25545606
Lamorn,ONF1,M,7.390060875,-21.48432725
BenhoM,OMF6,M,7.365283309,-21.60484859
BenhoM,OMF7,M,7.339253521,-21.32543366
BenhoM,OMF8,M,7.081836176,-21.46259383
BenhoM,OMF9,M,7.152712318,-21.39146599
BenhoM,OMG1,F,5.941051184,-22.16172171
BenhoM,OMG2,F,7.028702262,-21.27685059
BenhoM,OMG3,F,6.491439193,-21.82748839
BenhoM,OMG4,F,6.553416608,-21.80585518
BenhoM,OMG5,M,7.089718494,-21.45325385
Petred,OMG6,F,4.170830665,-19.24290994
Benhor,ILI4,F,5.863470718,-20.91520355
Petred,OME9,NA,4.880536156,-18.06724599
NeogrM,OMH4,M,5.605675576,-22.64773282
NeogrM,OMH5,M,5.821917479,-22.555989
NeogrM,OMH6,F,6.192420384,-21.31972566
NeofaM,OMH7,M,5.513653778,-22.15579457
NeofaM,OMH8,F,5.741762527,-22.55277613
NeofaM,OMH9,F,5.497191496,-21.90115533
NeofaM,OMI1,M,5.626093298,-22.54149435
Lamorn,ONE7,M,6.56208126,-21.67922844
NeogrM,OMH3,M,6.293255348,-21.54238928
NeogrM,LCC8,F,6.259093144,-22.18060921
Lepken,JBB7,M,7.789330298,-20.68624146
Neowal,KFE1,M,6.505883018,-21.23221708
Tromor,LHD9,M,5.344079665,-14.11751171
Tromor,LHE1,M,4.411777012,-12.68890902
Tromor,LHE2,M,4.743962142,-12.66100087
Tromor,LHE3,F,4.547299597,-15.00982802
Tromor,LHE4,F,3.950388645,-13.30136072
Tromor,LHE5,M,4.345826108,-16.41956352
Tromor,LHE6,F,4.131241684,-14.82071814
Tromor,LHE7,M,4.54874299,-13.654291
Tromor,LHE8,M,4.278424064,-15.50014501
Tromor,LHE9,F,4.804245454,-15.85496486
